,drug_row
0,KIN001-055
1,56990-57-9
2,AR-42
3,QL-X-138
4,Belinostat
5,XMD14-99
6,PONATINIB
7,Bleo
8,KIN001-266
9,CP-724714
10,XMD15-27
11,1080622-86-1
12,WZ3105
13,JQ12
14,49843-98-3
15,BAY 61-3606
16,ZSTK474
17,JW-7-24-1
18,CHIR-99021
19,KIN001-102
20,GSK429286A
21,TL-1-85
22,937174-76-0
23,5-Fluorouracil
24,Luminespib
25,OSI-930
26,803712-79-0
27,SNX-2112
28,THZ-2-49
29,Ruxolitinib
30,Pazopanib hydrochloride
31,TAK-715
32,ADM hydrochloride
33,CAY10603
34,thapsigargin
35,Tubastatin A
36,HG6-64-1
37,AT7519
38,GW2580
39,821794-92-7
40,1260907-17-2
41,BX-912
42,PHENFORMIN
43,QL-XII-47
44,315183-21-2
45,GSK1070916
46,PI-103
47,QL-XI-92
48,Amuvatinib
49,T0901317
50,TL-2-105
51,KIN001-270
52,NPK76-II-72-1
53,bicalutamide
54,PIK-93
55,etoposide
56,Omipalisib
57,FTI-277
58,Fedratinib
59,FH535
60,STF-62247
61,SB52334
62,OSU-03012
63,865362-74-9
64,IPA-3
65,Pelitinib
66,AS-605240
67,781661-94-7
68,Bexarotene
69,Tipifarnib
70,Bryostatin 1
71,CHEMBL585951
72,MPS-1-IN-1
73,QS11
74,PHA-793887
75,58131-57-0
76,Alectinib
77,GSK 650394
78,Quizartinib
79,Foretinib
80,CX-5461
81,mitomycin C
82,NG25
83,Enzastaurin
84,Epothilone B
85,BMS-754807
86,GSK1904529A
87,Cabozantinib
88,CUDC-101
89,Ispinesib mesylate
90,TPCA-1
91,Idelalisib
92,"US9505780, JQ-1"
93,BIX 02189
94,Masitinib
95,PF-562271
96,Zibotentan
97,122111-05-1
98,Akt inhibitor VIII
99,371942-69-7
100,KIN001-260
101,Avagacestat
102,JNK Inhibitor V
103,C35H30N4O4
104,NVP-BHG712
105,lfm-a13
106,199433-58-4
107,Dacinostat
108,OSI-027
109,Tivozanib
110,KIN001-244
111,DMOG
112,EMBELIN
113,Lisitinib
114,THZ-2-102-1
115,shikonin
116,VNLG/124
117,UNC0638
118,547757-23-3
119,KIN001-236
120,VX-11e
121,Genentech Cpd 10
122,Navelbine ditartrate (TN)
123,XMD13-2
124,Linifanib
125,AZD6482
126,391210-10-9
127,Temsirolimus
128,Rucaparib phosphate
129,Trametinib
130,AZD8055
131,212631-79-3
132,azanide; dichloroplatinum(2+)
133,Piperlongumine
134,331771-20-1
135,Doramapimod
136,BMS-536924
137,PLX-4720
138,Talazoparib
139,VX-702
140,IOX2
141,Selumetinib
142,Olaparib
143,Axitinib
144,Afatinib
145,Lenalidomide
146,681640
147,957054-30-7
148,Motesanib
149,Vinblastine sulfate
150,nutlin-3A
151,Ro-3306
152,Dabrafenib
155,Serdemetan
157,SB-505124
158,PF-4708671
160,ZINC214489228
161,EHT 1864
162,CCT007093
164,Daporinad
165,7-Ethyl-10-hydroxycamptothecin
166,SL 0101-1
167,KU-55933
168,Veliparib
170,UNC1215
171,GSK269962A
172,Cylocide
174,Tamoxan
175,Bosutinib
176,Navitoclax
177,docetaxel
178,rTRAIL
179,Tanespimycin
180,PFI-1
181,MLN4924
183,Vorinostat
184,temozolomide
185,915019-65-7
186,camptothecin
187,Nilotinib
188,219580-11-7
189,YK 4-279
190,TW-37
191,AZD7762
192,CCT-018159
193,Vismodegib
194,ACADESINE
195,280744-09-4
196,methotrexate
197,284028-89-3
198,503468-95-9
199,JNK Inhibitor VIII
201,Retinoic acid
203,702675-74-9
204,Refametinib
205,SGC0946
206,Elesclomol
207,Gefitinib
208,5Z-7-Oxozeaenol
209,GW 441756
211,Lestaurtinib
215,salubrinal
216,(-)-Rapamycin
221,Entinostat
223,WH-4-023
228,BMS-509744
235,A-443654
237,XMD8-85
243,3ken
245,Indium nitride
251,parthenolide
252,A-770041
254,164658-13-3
264,roscovitine
271,Dasatinib
278,4-Chloro-3-methylphenol
281,Lapatinib
287,Tozasertib
292,BI 2536
293,Saracatinib
294,761439-42-3
297,TGX-221
306,Bortezomib
310,Imatinib
324,MG-132
331,tungsten
333,Erlotinib hydrochloride
334,GW843682X
342,WZ-1-84
345,paclitaxel
351,PHA-665752
352,pyrimethamine
356,Cdk4/6 Inhibitor IV
364,CYCLOPAMINE
365,Sorafenib
369,NSC756645
370,Z-LLNle-CHO
374,Sunitinib
377,878739-06-1
378,GNF-2
386,XMD8-92
392,XMD11-85h
400,Palbociclib
415,1032350-13-2
420,HG-5-88-01
427,QL-XII-61
429,405554-55-4
435,HG-5-113-01
437,QL-VIII-58
445,ZG-10
707,CIL55
708,MLS000585313
709,CBKinase1_000452
710,MLS000106215
711,Bax Channel Blocker
713,betulinic acid
714,7507-89-3
715,chlorambucil
717,trifluoperazine
720,Carboplatinum
721,teniposide
722,sildenafil
723,simvastatin
724,Parbendazole
725,procarbazine
726,curcumin
727,CICLOPIROX
728,(-)-Epigallocatechin gallate
729,myricetin
730,lovastatin
731,Valdecoxib
732,cyclophosphamide
733,dacarbazine
734,niclosamide
735,prochlorperazine
736,ifosfamide
738,ouabain
739,CBKinase1_008869
741,Dihydropiplartine
742,Nsc 23766
743,129-56-6
744,C6 ceramide
745,NSC609699
746,N9-ISOPROPYL-OLOMOUCINE
747,importazole
749,prima-1
751,CYTOCHALASIN B
752,NSC 95397
753,Manumycin A
755,tacrolimus
756,SCHEMBL771524
757,301836-41-9
758,182498-32-4
759,153436-54-5
760,cerulenin
761,Purmorphamine
763,BRD-K94991378
764,BIX-01294
765,Tacedinaline
766,Panobinostat
767,IC-87114
768,cyclosporine
771,AM580
772,DAMPP
773,BRD-K71935468
775,apicidin
776,Merck60
777,BRD-A94377914
778,compound 1B
779,vincristine
781,itraconazole
782,ERASTIN
783,ML031
784,CIL56
785,fqi1
786,BRD-K92856060
787,CHEMBL2169939
788,BAS 02002358
789,1035072-16-2
790,Deferasirox
791,MI-1
792,DBeQ
793,Mdivi-1
794,749872-43-3
795,314245-33-5
796,dexamethasone
797,ML311
798,Decitabine
800,BRD-K61166597
804,Vandetanib
805,CID-2858522
812,Bendamustine
813,homoharringtonine
814,"3,5-Dimethyl-4-Methoxybenzaldehyde"
815,SCH 79797 dihydrochloride
816,LE 135
817,SKI II
818,CI 976
819,7440-06-4
820,Necrostatin-1
821,180002-83-9
822,59662-49-6
823,RITA
824,LY2183240
825,Ki8751
826,"2,6-Dichloro-3-fluoropyridine"
828,Eloxatin (TN) (Sanofi Synthelab)
829,NSC632839
830,BRD-K80183349
831,BRD-K66532283
833,TRIAZOLOTHIADIAZINE
834,MLS002473913
835,BRD-K11533227
836,BRD1835
837,CHEBI:119728
838,BRD-K63431240
839,BRD-K13999467
840,brefeldin A
841,AGK2
842,"l-685,458"
843,PF 750
844,triptolide
845,Nutlin-3
846,Aacocf3
847,16beta-Bromoandrosterone
848,PRL-3 Inhibitor
849,832115-62-5
850,501919-59-1
852,"1-(beta-D-Ribofuranosyl)-1,2-dihydropyrimidin-2-one"
855,SR-II-138A
857,Compound 7d-cis
859,AZD7545
860,1134156-31-2
861,DASA-58
862,925434-55-5
863,Compound 1541A
864,NSC401077
866,Pluripotin
867,GMX-1778
868,Avrainvillamide
871,Telomerase Inhibitor IX
873,oligomycin A
874,Indisulam
875,BRD-K02492147
876,SJ-172550
877,CHEBI:118782
878,"(E)-3-[4-[[[(E)-(2,3-dihydroxy-4-oxo-cyclohexa-2,5-dien-1-ylidene)methyl]amino]carbamoyl]phenyl]prop-2-enehydroxamic acid"
879,cyanoquinoline 11
882,Nakiterpiosin
883,305372-78-5
884,841290-80-0
887,BIBR 1532
888,Tosedostat
889,Neratinib
890,BRD1812
891,BRD8958
893,MK-1775
895,Ko 143
896,7440-47-3
897,BRD-K71781559
898,BRD-K04800985
899,CHEMBL3182046
900,MLS003179190
901,CHEMBL2143553
902,CHEBI:111710
903,BRD-K55116708
904,CHEBI:111732
905,CHEBI:113699
906,CHEBI:124436
907,CHEBI:111682
908,Tandutinib
909,Isonicotinohydroxamic acid
910,HLI373
911,NSC48300
912,APR-246
913,Isoevodiamine
915,Cucurbitacin I
916,BRD-K50799972
917,CHEBI:118719
918,Barasertib
925,Brivanib
926,GDC-0879
928,SNS-032
931,Ku-0063794
932,TG100-115
933,GSK1059615
934,BRD-K88742110
935,LRRK2-IN-1
936,BRD8899
938,ELCPK
939,NPC-26
940,CHEMBL3182405
941,CIL55A
942,SCH 529074
943,StemRegenin 1
944,FQI-2
945,ML-210
946,Darinaparsin
947,PX-12
948,500579-04-4
949,96912-01-5
951,CHM-1
952,fumonisin b1
954,BRD-K85133207
956,IKK-3 Inhibitor
957,Repligen 136
960,Regorafenib
962,Lenvatinib
964,GPP78
965,KU 0060648
966,Narciclasine
967,Ixazomib
968,ISOX
970,BRD-K29313308
971,SGX-523
972,Sonidegib
973,Alisertib
978,356559-20-1
981,Pazopanib
982,BRD-K24690302
983,HMN-214
984,Vemurafenib
985,GSK461364
986,YL54
987,BRD-K20514654-001-01-8
988,BRD-K55473186-001-01-2
989,BRD-K28456706
990,STF-31
991,ML334 diastereomer
992,Spautin-1
993,VAF-347
994,BRD-A02303741
995,ML320
996,Tigecycline
997,PF-543
998,869288-64-2
999,1402830-75-4
1000,GSK4112
1001,ETOMOXIR
1002,HC-067047
1003,IPR-456
1004,KH-CB19
1005,Leptomycin B
1006,1124329-14-1
1007,1130067-18-3
1008,carboplatin:UNC0638 (2:1 mol/mol)
1009,vorinostat:carboplatin (1:1 mol/mol)
1010,serdemetan:SCH-529074 (1:1 mol/mol)
1011,selumetinib:PLX-4032 (8:1 mol/mol)
1012,sirolimus:bortezomib (250:1 mol/mol)
1013,Vorapaxar
1014,CH 55
1015,BRD-K79669418
1016,BRD-K99584050
1017,BRD-A71883111
1018,navitoclax:birinapant (1:1 mol/mol)
1019,ISOX:bortezomib (250:1 mol/mol)
1020,selumetinib:GDC-0941 (4:1 mol/mol)
1021,selumetinib:vorinostat (8:1 mol/mol)
1022,selumetinib:JQ-1 (4:1 mol/mol)
1023,selumetinib:BRD-A02303741 (4:1 mol/mol)
1024,tretinoin:navitoclax (4:1 mol/mol)
1025,decitabine:navitoclax (2:1 mol/mol)
1026,tretinoin:carboplatin (2:1 mol/mol)
1027,PYR-41
1028,1300031-49-5
1029,Lomeguatrib
1030,PF 184
1031,tanespimycin:gemcitabine (1:1 mol/mol)
1032,docetaxel:tanespimycin (2:1 mol/mol)
1033,navitoclax:PLX-4032 (1:1 mol/mol)
1034,selumetinib:piperlongumine (8:1 mol/mol)
1035,tanespimycin:bortezomib (250:1 mol/mol)
1036,navitoclax:MST-312 (1:1 mol/mol)
1037,carboplatin:etoposide (40:17 mol/mol)
1038,piperlongumine:MST-312 (1:1 mol/mol)
1039,navitoclax:gemcitabine (1:1 mol/mol)
1040,JW 480
1041,BMS614
1042,BRD-K07442505
1043,BRD-K35604418
1044,SB-743921
1046,navitoclax:pluripotin (1:1 mol/mol)
1047,JQ-1:carboplatin (1:1 mol/mol)
1048,selumetinib:navitoclax (8:1 mol/mol)
1049,selumetinib:decitabine (4:1 mol/mol)
1050,decitabine:carboplatin (1:1 mol/mol)
1051,SNX-2112:bortezomib (250:1 mol/mol)
1052,JQ-1:navitoclax (2:1 mol/mol)
1053,JQ-1:MK-0752 (1:1 mol/mol)
1054,BRD-A02303741:navitoclax (2:1 mol/mol)
1055,salermide:PLX-4032 (12:1 mol/mol)
1056,BRD-A02303741:carboplatin (1:1 mol/mol)
1057,doxorubicin:navitoclax (2:1 mol/mol)
1058,navitoclax:sorafenib (1:1 mol/mol)
1059,navitoclax:piperlongumine (1:1 mol/mol)
1060,67200-34-4
1061,Clofarabine
1062,vorinostat:navitoclax (4:1 mol/mol)
1063,XL765
1064,ML258
1065,SR1001
1066,Bardoxolone methyl
1067,Elocalcitol
1068,bms270394
1069,fluvastatin
1070,AZD4547
1071,hyperforin
1072,NVP-231
1073,MK-0752
1074,Semagacestat
1077,Abiraterone
1078,Nelarabine
1079,Rigosertib
1080,AT7867
1081,PD318088
1082,KU-60019
1083,KW-2449
1084,RAF265
1085,Silmitasertib
1086,BRD-K03911514
1088,856243-80-6
1090,NVP-BSK805
1091,erlotinib:PLX-4032 (2:1 mol/mol)
1094,Birinapant
1095,KX2-391
1096,3-Cl-AHPC
1097,BRD-K27188169
1098,1262770-73-9
1099,629664-81-9
1100,JQ-1:vorinostat (2:1 mol/mol)
1102,crizotinib:PLX-4032 (2:1 mol/mol)
1103,BRD-M00053801
1104,KPT-185
1105,Bemcentinib
1106,Ibrutinib
1107,Sotrastaurin
1108,1125758-85-1
1109,BRD-K27188169:navitoclax (2:1 mol/mol)
1110,Incyclinide
1111,Venetoclax
1112,ETP-46464
1113,Marinopyrrole A
1114,METHYLSTAT
1115,alpelisib
1116,GSK2636771
1117,JW74
1118,Necrosulfonamide
1119,Palmostatin B
1120,664993-53-7
1121,BRD-K03536150
1122,BRD-K34222889
1123,Linsitinib
1124,AT-406
1231,NVP-AEW541
1243,lbw242
1250,Dovitinib
1467,BI-D1870
1475,irinotecan
1487,32703-82-5
1491,thalidomide
1530,667463-62-9
1556,2-(allylamino)-3-chloronaphthoquinone
1559,6640-09-1
1566,o6-benzylguanine
1576,CHEMBL2152368
1596,Pifithrin-mu
1602,BRD-K14844214
1612,SID 26681509
1615,ABT-737
1627,CAY10594
1640,Austocystin D
1644,Compound 23 citrate
1667,MIRA-1
1679,Cediranib
1680,Canertinib
1689,SU11274
1704,ML239
1705,Salermide
1708,BRD-K51490254
1711,Nintedanib
1713,WZ8040
1714,MGCD-265
1723,UNC0321
1733,Fingolimod
1735,WZ4002
1756,JQ-1:UNC0638 (2:1 mol/mol)
1766,selumetinib:tretinoin (2:1 mol/mol)
1772,Necrostatin-7
1777,selumetinib:MK-2206 (8:1 mol/mol)
1795,UNC0638:navitoclax (1:1 mol/mol)
1798,selumetinib:UNC0638 (4:1 mol/mol)
1799,alisertib:navitoclax (2:1 mol/mol)
1802,NVP-ADW742
1821,Cyt387
1844,924296-39-9
1846,BRD-K99006945
1847,Tivantinib
1849,RO4929097
1850,Dinaciclib
1851,1096708-71-2
1852,BRD-K51831558
1853,Istradefylline
1854,MI-2
1855,BRD-K42260513
1856,Flavopiridol
1857,CBB1007
1858,BRD-A86708339
1859,PF-3758309
1861,SZ4TA2
1862,Onalespib
1863,BCL-LZH-4
1864,Skepinone-L
1866,PF 4800567 Hydrochloride
1867,AVICIN D
2438,gossypol
2441,5-azacytidine
2500,ML083
2660,SCHEMBL16479156
2681,BRD-K97651142
2726,AZD1480
2736,BRD-A05715709
2760,pitstop2
3431,CIL41
5560,isoliquiritigenin
5561,cimetidine
5602,Sitagliptin
5605,aranidipine
5609,FGIN-1-27
5654,BRD-K27224038
5656,BRD-K96970199
5684,BRD-K49290616
5688,BRD-K96431673
5693,"(E,2S,3S,4S)-2-azaniumyl-3,4-dihydroxy-2-(hydroxymethyl)-14-oxo-icos-6-enoate"
5705,BRD-K86535717
5706,CHEBI:124400
5708,CHEBI:124710
5710,CHEBI:111607
5711,CHEBI:111569
5712,CHEBI:111640
5713,CHEBI:124319
5716,BRD-K27986637
5849,Galunisertib
5862,BRD-K13185470
8380,Blebbistatin
8445,CHEBI:124186
8492,FSC231
11356,BRD-K33514849
11422,BRD-K01737880
11429,bafilomycin A1
11652,SR8278
11670,GSK-J4
11681,BRD9876:MK-1775 (4:1 mol/mol)
11682,BRD-K30748066
15328,staurosporine
15382,QW-BI-011
15435,Neopeltolide
15482,ML312
15493,CHEBI:124244
15583,968
15667,BRD-K16130065
15679,BRD-K58730230
15907,CHEBI:113844
15921,Fulvestrant
16012,BRD-K34099515
19037,lonidamine
19038,Ethyl bromopyruvate
19039,Tranilast (trans-)
19041,Pomalidomide
19043,CHEMBL3348980
19044,Tanshinone I
19045,Tanshinone IIA
19046,NCGC00263092-01
19047,Gentian violet cation
19050,busulfan
19053,NCGC00025235-01
19055,carmustine
19056,mechlorethamine
19058,Fotemustine
19059,KBio2_007145
19060,NCGC00167798-01
19061,cis-Diaminedichloroplatinum
19062,Nedaplatin
19063,AMD 473
19064,lomustine
19066,melphalan
19067,Estramustine phosphate sodium
19069,57-22-7
19070,NCGC00346580-01
19071,Vinorelbine tartrate
19072,vindesine sulfate
19073,117048-62-1
19074,CHEMBL3348931
19075,CHEMBL2140972
19076,ABT-751
19077,Indibulin
19078,XRP44X
19079,colchicine
19080,Demecolcine
19081,beta-Narcotine
19082,NCGC00014650-03
19083,NCGC00181306-03
19085,CABAZITAXEL
19086,NCGC00346661-01
19087,CHEMBL3348985
19088,NCGC00181131-02
19089,LEXIBULIN
19090,nocodazole
19092,NCGC00346660-01
19093,NCGC00161927-01
19094,podophyllotoxin
19095,terameprocol
19096,Ispinesib
19098,885060-08-2
19099,monastrol
19100,h-d-cys(trt)-oh
19101,(-)-Blebbistatin
19102,Omecamtiv mecarbil
19103,Ciliobrevin D
19104,GSK-923295
19105,topotecan
19108,10-Hydroxycamptothecin
19110,NCGC00346471-01
19111,beta-Lapachone
19112,NCGC00018159-01
19113,ZINC84688828
19114,Epirubicin
19115,SCHEMBL16606206
19116,pirarubicin
19117,CHEMBL3348857
19118,NCGC00346563-01
19119,mitoxantrone
19120,Dexrazoxane
19121,Icrf 193
19123,genistein
19124,Amonafide
19125,Banoxantrone
19126,10-epi-Aclacinomycin A
19127,Gatifloxacin
19128,Moxifloxacin hydrochloride monohydrate
19129,norfloxacin
19130,sparfloxacin
19131,LEVOFLOXACIN
19132,ciprofloxacin
19133,NCGC00183844-01
19134,Lomibuvir
19135,SCHEMBL2105915
19136,CHEMBL3348974
19137,Nesbuvir
19138,actinomycin D
19139,NCGC00167431-02
19140,13292-46-1
19141,NCGC00271415-02
19142,"3-(3,4-Dihydroxyphenyl)lactate"
19143,Resistomycin
19145,Cl-F-araA
19146,UNII-LNS2U38C9S
19147,Cidofovir
19148,Troxatyl
19149,cytidine
19150,Telbivudine
19151,ADEFOVIR DIPIVOXIL
19152,acyclovir
19153,Oxibendazole
19154,valacyclovir
19155,ganciclovir
19156,CHEMBL3348919
19157,hydroxyurea
19158,59643-91-3
19159,NCGC00017254-02
19160,NCGC00162423-03
19161,4-Methylpyrazole
19162,NCGC00163532-01
19163,315703-52-7
19164,disulfiram
19165,Omigapil
19166,309928-48-1
19168,methoxsalen
19169,morin
19171,naringenin
19172,CHEMBL1364159
19173,thiotepa
19174,Avasimibe
19175,apigenin
19176,baicalein
19177,ZINC208949883
19178,metformin
19179,ZINC11616871
19180,844499-71-4
19181,CHEMBL3183888
19182,10074-G5
19185,887650-05-7
19186,REBASTINIB
19189,CHEMBL3184303
19191,SCHEMBL3954849
19192,PD173955
19193,185039-99-0
19195,PD0166285
19198,Erlotinib
19199,183321-86-0
19202,VARLITINIB
19203,CTK9A1709
19205,451492-95-8
19206,PF-299804
19207,AG-1478
19208,TAK-285
19209,SCHEMBL185621
19210,497839-62-0
19212,Ekb-568
19214,BMS-599626
19216,WHI-P97
19217,ZINC117147304
19218,1214265-56-1
19220,65678-07-1
19221,quinazolin-4-ylamine
19222,SCHEMBL3958507
19223,CHEMBL2138817
19224,AST-1306
19225,Sapitinib
19226,CHEMBL3186716
19227,Arry-380
19230,KRN-633
19231,Apatinib
19232,Kinome_3641
19234,Vatalanib dihydrochloride
19239,Telatinib
19242,1174046-72-0
19244,252003-65-9
19247,252916-29-3
19248,342641-94-5
19249,Chrysophanol
19250,NCGC00345821-01
19251,951151-97-6
19252,Takeda-6d
19253,MK-2461
19259,CHEBI:63449
19260,"3-(2,6-dichloro-3,5-dimethoxy-phenyl)-1-[6-[4-(4-ethylpiperazin-1-yl)anilino]pyrimidin-4-yl]-1-methyl-urea"
19261,CHEMBL3923667
19262,suramin
19265,CP-673451
19266,Crenolanib
19267,PP121
19268,Crizotinib
19269,KS-00001CUZ
19270,BMS-777607
19271,PF-04217903
19272,JNJ-38877605
19274,AMG-51
19275,CTK8E8456
19276,AMG-208
19278,AMG-458
19279,SCHEMBL224883
19280,NVP-BVU972
19281,capmatinib
19282,913376-84-8
19283,BMS-2
19284,Tepotinib
19285,Picropodophyllin
19292,GSK1838705A
19293,dorsomorphin
19294,476477-15-3
19295,LY2109761
19296,909910-43-6
19297,RepSox
19298,SD-208
19301,452342-67-5
19303,ITD-1
19304,494772-86-0
19305,1062368-24-4
19308,ASP3026
19311,AMG-25
19312,AZ-23
19313,504433-23-2
19314,HMS3673C13
19315,NCGC00253909-01
19317,Fostamatinib
19318,trans-Piceatannol
19320,Perifosine
19324,PIK-90
19325,154447-36-6
19326,NIBR-17
19327,372196-67-3
19330,GNE-477
19331,GNE-490
19332,GNE-493
19333,PKI-402
19334,PF-04691502
19335,BGT-226 free base
19336,PI3K inhibitor GS1059615
19337,CHEMBL3348841
19338,D-106669
19339,Buparlisib
19341,853910-02-8
19345,1202884-94-3
19347,CH5132799
19348,CHEMBL3348927
19349,Wortmannin from Penicillium funiculosum
19350,Deguelin
19352,XL147
19353,PIK-293
19354,PIK-294
19355,CUDC-907
19356,3-methyladenine
19357,Alpelisib(BYL-719)
19358,Copanlisib
19359,648450-29-7
19360,900515-16-4
19361,AS-604850
19362,AC1MDWZ9
19364,Triciribine
19365,CHEBI:47495
19366,CCT128930
19367,Triciribinephosphate
19368,Ipatasertib
19369,AZD5363
19370,MK-2206
19371,A-674563
19375,473382-39-7
19376,"Akt-I-1,2"
19377,AZD-26
19378,Merck-22-6
19381,CHEMBL2140838
19382,CHEMBL2140543
19383,Torin 1
19384,CHEMBL3348822
19385,NCGC00346481-01
19386,NCGC00021305-08
19387,NCGC00167518-03
19388,WYE-687
19389,WAY-600
19390,Torin 2
19391,SCHEMBL2929203
19394,WYE-354
19396,1144068-46-1
19397,SCHEMBL20734874
19398,1224844-38-5
19399,SCHEMBL147320
19400,PP242
19401,Palomid 529
19402,PHT-427
19405,ZINC208012538
19406,PDK1 inhibitor
19408,M77976
19410,KU-0060648
19412,EHT-1864
19414,152121-47-6
19415,209410-46-8
19417,PH-797804
19418,RWJ-67657
19419,Talmapimod
19420,SB 202190
19421,Ralimetinib
19422,449811-92-1
19423,193746-75-7
19424,SD-06
19425,1H-Indole-5-carboxamide
19427,SB 239063
19428,EO 1428
19429,FMK-MEA
19430,CHEMBL2143037
19432,S-99
19433,CHEMBL3186846
19434,Cot inhibitor-2
19435,SB-747651A
19436,ZINC17545571
19437,7218-04-4
19438,NCGC00346559-01
19439,94875-80-6
19440,8-Methyl-N-Vanillyl-6-Nonenamide
19441,gabexate
19442,CHEMBL3814532
19443,Honokiol
19444,CHEMBL3322515
19446,219773-55-4
19447,WAY-204688
19448,sulfasalazine
19449,SCHEMBL2227980
19450,dimethyl but-2-enedioate
19451,B022
19452,ISODONOL
19455,PHA-408
19456,873225-46-8
19458,IMD-0354
19459,200484-11-3
19460,PS-1145
19461,MLN120B
19462,445430-58-0
19464,ACHP
19465,cycloheximide
19466,GSK-3 Inhibitor X
19468,TWS119
19470,(Phenylindolyl)maleimide deriv. 79
19471,Valproate
19472,264218-23-7
19473,CHIR-98014
19474,Kinome_3682
19475,CP-91149
19479,SM-164
19482,NCGC00346475-01
19483,CHEMBL3417706
19484,SCHEMBL15622193
19485,NCGC00347282-01
19486,NCGC00347283-01
19489,chelerythrine
19490,Obatoclax
19493,ha14-1
19495,BAM7
19496,nutlin-3B
19497,NCGC00263280-01
19501,431979-47-4
19504,71555-25-4
19507,Rabusertib
19508,CHIR-124
19509,891494-64-7
19510,PF-477736
19511,SCHEMBL20400776
19512,NCGC00346436-01
19513,BML-277
19515,Purvalanol B
19516,purvalanol A
19518,PHA690509
19520,nu6102
19524,BS-181
19525,BMS-265246
19526,Indirubin
19527,Milciclib
19528,741713-40-6
19529,602306-29-6
19530,ZINC34894448
19531,BS-194
19532,Cdk/Crk Inhibitor
19533,NCGC00346827-01
19534,NU6027
19536,Fascaplysin
19538,CDK9 inhibitor
19539,VE-821
19540,YK-4-279
19541,Tame
19542,ML141
19543,CASIN
19544,314042-01-8
19545,PHA-767491
19546,NSC 663284
19547,menadione
19548,1421227-52-2
19549,as1949490
19550,"L-690,330"
19551,pentamidine
19552,HMS2093I20
19553,bergenin
19554,berberine
19555,Physcion
19557,NCGC00095145-01
19558,JNJ-7706621
19559,CCT129202
19560,hesperadin
19561,ZINC100015731
19562,SNS-314
19564,1095382-05-0
19566,Danusertib
19567,693228-63-6
19568,722544-51-6
19569,TAK-901
19571,AMG-900
19572,Kinome_3673
19573,MLN8054
19574,AT9283
19575,Aurora A Inhibitor I
19576,MK-5108
19577,PHA-680632
19580,Raf265 derivative
19587,ZM 336372
19590,GW305074X
19591,303727-31-3
19596,CHEMBL3183697
19597,CHEMBL1706473
19598,SCHEMBL19918218
19599,CHEMBL3182364
19600,Midostaurin
19602,CHEMBL2141387
19603,NCGC00263119-01
19604,131848-97-0
19605,110025-28-0
19606,go 6983
19607,Go 6976
19608,Ingenol 3-angelate
19609,CHEMBL3348991
19610,CHEMBL3348887
19611,CHEMBL1836853
19614,Volasertib
19616,Rigosertib (sodium)
19618,CHEMBL2132441
19619,CHEMBL130321
19620,Calmidazolium
19621,CHEBI:95054
19622,926319-75-7
19623,Ro 51
19624,GW791343
19625,227088-94-0
19626,AZ10606120
19627,A 438079
19628,CHEMBL3348973
19629,NCGC00347908-01
19630,A 839977
19631,Fasudil
19633,y-27632
19635,Thiazovivin
19636,GSK-25
19637,1072959-67-1
19638,Rho Kinase Inhibitor IV
19642,"(3S,4R)-Tofacitinib"
19645,SCHEMBL17971367
19646,CHEMBL2136663
19647,leflunomide
19649,KS-00001D5I
19650,134036-52-5
19651,905586-69-8
19652,GANDOTINIB
19653,TG101209
19654,Baricitinib
19655,CEP-33779
19656,1206101-20-3
19657,Pyridone 6
19658,936091-15-5
19659,936091-56-4
19660,BMS-911543
19661,NCGC00014911-01
19663,Cryptotanshinone
19664,NCGC00017223-03
19665,CHEMBL3348888
19667,BP-1-102
19668,STX-0119
19669,LLL-12
19670,C188-9
19671,RO495
19672,CHEMBL1288002
19673,Bayer-18
19674,ICG-001
19675,PNU-74654
19676,1118807-13-8
19677,Wnt-C59
19678,IWP-2
19679,1243244-14-5
19680,ID-8
19681,301836-43-1
19683,emodin
19685,Phenoxodiol
19686,CHEMBL3348835
19687,915385-81-8 (free base)
19689,NCGC00163474-05
19690,Taladegib
19691,SANT-2
19692,HPI 1
19693,Hh-Ag1.5
19694,PF-5274857
19696,GANT 58
19697,CHEMBL3348891
19699,912545-86-9
19700,OAC1
19701,1194044-20-6
19702,CHEMBL4303286
19705,209984-56-5
19706,dapt
19709,209984-57-6
19710,BMS 299897
19711,Salidroside
19712,KS-00000Y5E
19713,AIM-100
19715,CHEMBL1824695
19716,CPG-52364
19717,IMIQUIMOD
19718,DMXAA
19719,IRAK-1-4 Inhibitor I
19720,CHEMBL256963
19721,IRAK inhibitor 5
19722,BI-78D3
19723,SR-3306
19725,CHEMBL3184387
19726,AS601245
19727,TCS JNK 5a
19728,CC-401
19729,CHEMBL1950303
19730,1047953-91-2
19731,TPCK
19732,pepstatin
19733,ML369
19734,PMSF
19735,Camostat
19736,STF-083010
19737,CHEMBL3188944
19738,626222-24-0
19739,Apilimod
19740,AMG-47a
19742,SCHEMBL6874948
19744,SCHEMBL1737451
19745,PIM-1 INHIBITOR 2
19746,SGI-1776
19747,SMI-4a
19748,CHEMBL3348949
19749,BCP07985
19750,Ki20227
19751,885692-52-4
19752,c-FMS inhibitor
19753,SCHEMBL17378613
19757,905579-51-3
19758,BMS-5
19759,BMS-3
19760,AMG-Tie2-1
19761,Tie2 kinase inhibitor
19762,CHEMBL2134570
19763,35922-06-6
19766,NCGC00242478-02
19768,BIIB021
19771,908115-27-5
19772,KW-2478
19773,30562-34-6
19774,NCGC00163424-03
19775,NCGC00346438-01
19776,Ganetespib
19778,celastrol
19779,NVP-BEP800
19780,novobiocin(1-)
19782,NCGC00263143-01
19783,1316214-52-4
19784,CHEMBL2018451
19785,Tubacin
19789,Droxinostat
19791,Belinostat(Random Configuration)
19792,Mocetinostat
19793,CHEMBL2141644
19794,pyroxamide
19795,CHEMBL2133870
19796,128517-07-7
19797,m344
19798,732302-99-7
19799,852475-26-4
19800,PCI-34051
19801,Metacept-3
19803,Fisetin
19804,isoliquirtigenin
19806,AK-7
19807,Daminozide
19808,GSK-J1
19809,NCGC00347951-01
19811,1314241-44-5
19813,MolMap_000049
19814,QUISINOSTAT
19815,ABEXINOSTAT
19816,NVP-LAQ824;LAQ824
19817,MG149
19820,Niraparib
19821,AG14361
19822,RUCAPARIB
19823,4-Iodo-3-nitrobenzamide
19824,CHEMBL1090466
19825,3-aminobenzamide
19827,Carfilzomib
19829,Salinosporamide F
19830,1201902-80-8
19832,MG-115
19833,Delanzomib
19834,SCHEMBL2250091
19835,Oprozomib
19836,eeyarestatin I
19838,Amastatin
19840,hg-10-102-01
19841,Saxagliptin
19842,Linagliptin
19844,YW3-56
19845,Vidofludimus
19846,CHEMBL2062101
19847,SB-3CT
19848,NCGC00263127-01
19849,cl-82198
19850,batimastat
19851,Chlorhexidine Base
19852,gm 1489
19853,SCHEMBL3469160
19854,doxycycline
19855,SSR 69071
19856,Sivelestat
19858,Tolcapone
19859,RG108
19860,FAZARABINE
19862,10356-76-0
19865,GSK126
19866,NCGC00344622-02
19867,1268524-70-4
19870,GSK 525768A
19871,CHEMBL1706858
19872,ML216
19873,CHEMBL2426174
19874,NCGC00241036
19875,ML324
19877,Lonafarnib
19878,153559-76-3
19879,80306-38-3
19880,125316-60-1
19881,AC-261066
19882,CBiol_001848
19883,11-cis Retinoic Acid
19884,tazarotene
19885,Tamibarotene
19888,hydrocortisone
19889,cyclosporin A
19890,azathioprine
19891,Laquinimod
19892,chrysin
19893,ZINC250325905
19894,Sinomenine
19895,NCGC00142605-03
19896,NCGC00344564-02
19898,NCGC00346737-01
19899,Diosmetin
19900,ketoprofen
19901,ketorolac
19902,flurbiprofen
19903,indomethacin
19904,38194-50-2
19905,Lornoxicam
19906,aspirin
19907,Bindarit
19908,tenoxicam
19909,bufexamac
19910,CHEMBL3348995
19911,histamine
19912,cetirizine
19913,loratadine
19914,(-)-chlorpheniramine
19915,Chloropyramine hydrochloride
19916,ZINC896472
19917,diphenhydramine
19918,ketotifen
19919,CYPROHEPTADINE
19920,Mizolastine
19921,azelastine
19922,lafutidine
19923,famotidine
19924,Secoisolariciresinol
19925,quercetin
19926,kaempferol
19927,dihydroquercetin
19928,biochanin A
19929,Icaritin
19930,Selenomethionine
19931,HYDROXOCOBALAMIN
19932,NCGC00262545-02
19933,nicotinic acid
19934,nicotinamide
19935,pantothenic acid
19936,83-88-5
19937,ACIPIMOX
19938,CHEMBL3188552
19939,clinofibrate
19940,CHEMBL3348987
19941,".beta.,.beta.-Carotene"
19942,Doxercalciferol
19943,NCGC00242511-02
19944,"1,25-dihydroxy vitamin D3"
19945,Jasmonic acid methyl ester
19946,Andarine
19947,ENOBOSARM
19948,CHEMBL75474
19949,NCGC00346736-01
19950,SCHEMBL8771394
19951,NCGC00095245-01
19952,CHEMBL3348922
19953,Enzalutamide
19954,915087-27-3
19956,ARN-509
19957,ZINC3881972
19958,flutamide
19959,NCGC00091032-08
19960,Hydroxyflutamide
19961,(R)-Bicalutamide
19962,nilutamide
19963,"3,3'-Diindolylmethane"
19964,ZINC208951860
19965,KBioGR_000368
19966,PK 11195
19967,meclizine
19968,Pioglitazone
19969,rosiglitazone
19970,GW0742
19971,317318-70-0
19972,trans-caffeic acid
19973,GW7647
19974,fenofibrate
19975,clofibrate
19976,Ciprofibrate
19977,GSK3787
19978,KRP-297
19979,gemfibrozil
19980,NCGC00165799-02
19981,1338259-05-4
19982,troglitazone
19983,Telmisartan
19984,Olmesartan
19985,CHEMBL3184655
19986,SID 7969543
19987,Bazedoxifene acetate
19988,7728-73-6
19989,89778-26-7
19990,raloxifene
19991,clomiphene
19992,NCGC00345819-01
19993,Trilostane
19994,Erteberel
19995,CHEMBL3348877
19996,CHEMBL3348858
19997,Oprea1_748549
19998,Estrodienol
19999,6898-97-1
20000,ZINC44963243
20001,NCGC00164789-05
20002,Tesmilifene
20003,daidzein
20005,SA-13353
20006,GSK1016790A
20007,propofol
20008,SB-705498
20009,GW3965
20010,omeprazole
20011,probucol
20012,NCGC00017394-08
20013,lansoprazole
20014,NCGC00186013-01
20015,pantoprazole
20016,928774-43-0
20017,rabeprazole(1-)
20018,NCGC00162409-03
20019,Canadine
20020,ML240
20021,1346528-06-0
20023,Metarrestin
20024,ML329
20025,Elacridar
20026,167465-36-3
20027,cinchonine
20028,65666-07-1
20029,Tariquidar
20030,CHEMBL3348853
20031,NCGC00346589-01
20033,SCHEMBL12880048
20035,Sophocarpine
20036,SecinH3
20037,CDIBA
20038,NCGC00025091-04
20039,PF-8380
20040,NCGC00263226-01
20041,anagrelide
20042,Olprinone
20043,cilostazol
20044,pimobendan
20045,milrinone
20046,NCGC00168459-01
20047,CHEMBL1221434
20048,CHEMBL431383
20049,Lirimilast
20050,rolipram
20051,Cilomilast
20052,(R)-(-)-Rolipram
20053,Roflumilast
20054,luteolin
20055,GSK256066
20056,906673-24-3
20057,1155877-97-6
20059,Tadalafil
20060,dipyridamole
20061,Parogrelil
20062,CHEMBL3348997
20063,Vardenafil
20064,papaverine
20065,PF-2545920
20066,theobromine
20067,alacepril
20068,PERINDOPRIL
20069,649756-01-4
20070,temocapril hydrochloride
20071,benazepril
20072,NCGC00178127-04
20073,Bestatin
20074,zafirlukast
20075,Pranlukast
20076,BAY-41-8543
20077,vinpocetine
20078,OXCARBAZEPINE
20079,RANOLAZINE
20080,Safinamide
20081,proparacaine
20082,lamotrigine
20083,Benzamil
20084,944261-79-4
20086,flecainide
20087,Sipatrigine
20088,AMILORIDE
20089,primidone
20090,VERAPAMIL
20091,isradipine
20092,flunarizine
20093,tetrandrine
20094,manidipine
20095,CBiol_001725
20096,Monatepil
20097,Carboxyamidotriazole
20098,NIGULDIPINE
20099,Pregabalin
20100,34933-06-7
20101,CHEMBL3348881
20102,Levetiracetam
20103,CHEMBL34450
20104,NPS-2143
20105,Cinacalcet
20106,calindol
20107,Tecalcet
20108,AC265347
20109,CHEMBL3348956
20110,Strontium ranelate
20111,gabapentin
20112,Purfalcamine
20113,Dofetilide
20114,glimepiride
20115,glipizide
20116,IBUTILIDE FUMARATE
20117,gliclazide
20118,Linopirdine
20119,nifekalant
20120,minoxidil
20121,NICORANDIL
20122,LEVOSIMENDAN
20123,Zaldaride
20124,Flupirtine
20125,Retigabine
20126,riluzole
20127,CHEMBL1739063
20128,Org 25935
20129,Ivacaftor
20130,Lumacaftor
20131,Ataluren
20132,Ivabradine hydrochloride
20133,ICI-D7288
20134,409345-29-5
20135,Fenobam
20136,MPEP
20137,ADX-47273
20138,VU 0357121
20139,635318-11-5
20140,Piboserod
20141,Mosapride
20142,SDZ HTF 919
20143,Prucalopride
20144,180083-23-2
20145,sumatriptan
20146,naratriptan
20147,rizatriptan
20148,zolmitriptan
20149,Almotriptan
20150,SB 206553
20151,WAY-100635
20152,"LY-310,762"
20153,BRL 15572
20154,fluvoxamine
20155,citalopram
20156,venlafaxine
20157,sibutramine
20158,SCHEMBL10643980
20159,Granisetron hydrochloride
20160,ondansetron
20161,89565-68-4
20162,Azasetron
20163,amoxapine
20164,cyclobenzaprine
20165,Meclinertant
20167,Ambrisentan
20168,Macitentan
20169,CHEMBL3188521
20171,CHEMBL3348870
20172,GW9508
20173,AG-041R
20174,CI-988
20175,MK-0354
20176,Varenicline
20177,CYTISINE
20178,levamisole
20179,501925-31-1
20180,711085-63-1
20181,PB-28
20182,Cutamesine
20183,BD-1047
20184,SCH-79797
20185,NCGC00263108-01
20186,GB-83
20187,Aprepitant
20188,CHEMBL166161
20189,Osanetant
20190,Cladribine
20191,CHEMBL3349004
20192,NCGC00345810-01
20193,abt-702
20194,NCGC00263139-01
20195,CHEMBL1625478
20196,CVT-6883
20197,theophylline
20198,Vidarabine
20200,Reversine
20201,Kartogenin
20202,Cardiogenol C
20203,CHEMBL3348890
20204,Indolactam V
20205,IDE 2
20208,211096-49-0
20209,CHEMBL39740
20210,Plerixafor
20211,Maraviroc
20212,DSSTox_CID_28582
20214,176977-56-3
20215,Rimonabant
20216,164178-33-0
20217,666260-75-9
20218,WIN 55212-2
20219,CHEMBL416657
20220,Veliflapon
20221,Licofelone
20222,ZILEUTON
20223,CHEMBL1270810
20224,Masoprocol
20225,celecoxib
20226,Nepafenac
20227,etodolac
20228,133294-37-8
20229,nimesulide
20230,NAPROXEN
20231,acetaminophen
20232,diclofenac(1-)
20233,acemetacin
20234,ibuprofen
20235,meloxicam
20236,piroxicam
20237,zaltoprofen
20238,Rutaecarpine
20239,"2,4,5-TRIMETHOXYBENZALDEHYDE"
20240,niflumic acid
20241,rofecoxib
20242,Pravadoline
20243,Nitogenin
20244,rotenone
20245,PF-3845
20246,546141-08-6
20247,NCGC00164604-03
20249,NCGC00164566-02
20251,NCGC00160531-01
20252,pravastatin
20253,CHEMBL3348885
20254,CHEMBL2144690
20255,Anacetrapib
20256,Torcetrapib
20257,CHEMBL1408258
20258,CAY-10581
20259,1-Methyl-D-tryptophan
20260,Nitisinone
20261,EBPC
20262,ellagic acid
20263,CHEMBL3182641
20264,niraxostat
20265,Febuxostat
20266,allopurinol
20267,JZL184
20268,JZL195
20269,NCGC00165782-02
20270,Ezatiostat
20271,BUTHIONINE SULFOXIMINE
20272,439081-02-4
20273,1309805-49-9
20274,FASN BI
20275,GSK837149A
20276,CHEMBL213634
20277,"Lipase Inhibitor, THL"
20278,pyrazinamide
20279,CHEMBL3348869
20280,218137-86-1
20281,SCHEMBL82368
20282,cPEPCK inhibitor
20283,Ecdysterone
20284,Glutaminase C-IN-1
20285,IPFK2
20286,1221186-53-3
20288,NCGC00262689-01
20289,SCHEMBL11752
20290,IDH-C227
20291,AGI-5198
20292,AGI-6780
20293,AR-C155858
20294,NCGC00250393-01
20295,NCGC00238624
20296,ACC1 BMS
20297,Ibutamoren
20298,Octreotide
20300,NCGC00263106-01
20301,Lacosamide
20302,Eliprodil
20303,Dimebolin
20304,LSM-1535
20305,memantine
20306,tcn-201
20307,D-cycloserine
20308,spermidine
20309,Caroverine
20310,GYKI-53655
20311,Gyki-52466
20312,Dapagliflozin C-2 Epimer
20313,CHEMBL3348871
20314,Phloretin 2'-galactoside
20316,SR9011
20317,Sepantronium
20318,BIBR-1532
20319,Costunolide
20320,NCGC00096095-02
20321,347323-96-0
20322,NCGC00095055-03
20323,chloroxine
20324,Pefloxacin
20325,Sarafloxacin
20326,sulfamethizole
20327,Clindamycin palmitate HCl
20328,Balofloxacin
20329,Prulifloxacin
20330,Rac-Efavirenz
20331,zalcitabine
20332,stavudine
20333,CHEMBL3348930
20334,145986-26-1
20335,134680-32-3
20336,FMAU
20337,Tenofovir Disoproxil Fumarate
20339,didanosine
20340,nevirapine
20341,zidovudine
20342,CHEMBL3348916
20343,IVACHTIN
20344,CHEMBL3348929
20345,Emricasan
20346,Aloe-emodin
20347,29883-15-6
20348,ZINC28538988
20352,NCGC00262398
20353,tranexamic acid
20354,6-aminohexanoic acid
20355,Tiplaxtinin
20356,NCGC00263265-01
20357,NCGC00263268-01
20358,NCGC00263270-01
20359,CHEMBL3348988
20360,NCGC00164600-03
20361,ZINC38139483
20362,NCGC00346590-01
20363,quinidine
20364,hydroxychloroquine
20365,chloroquine
20366,piperaquine
20367,mefloquine
20368,Halofantrine
20369,Pyronaridine
20370,CHEMBL3191144
20371,Methylene Blue cation
20372,daphnetin
20373,SULFADOXINE
20374,Fludarabine
20375,6-Mercaptopurine
20376,Poly(2-fluoroadenylic acid)
20377,6-Thioguanine
20378,K6PKX2PHVZ
20379,Capecitabine (Xeloda)
20380,955-24-8
20381,NCGC00174736-02
20383,5-Fluorocytosine
20384,carmofur
20385,tegafur
20386,ZINC21999985
20387,Pemetrexed
20388,Raltitrexed
20389,Prestwick0_001056
20390,3094-09-5
20391,GEMCITABINE HYDROCHLORIDE
20393,Pralatrexate
20394,trimetrexate
20396,54-62-6
20397,NCGC00346501-01
20398,CHEMBL3348961
20399,NCGC00162383-02
20400,DAPTOMYCIN
20401,NCGC00094763-03
20402,NCGC00346728-01
20403,NCGC00163548-02
20404,CHEBI:94798
20405,CHEMBL3348955
20406,CHEMBL3348925
20407,CHEMBL3348874
20408,NCGC00346523-01
20409,NCGC00090808-03
20410,roxithromycin
20411,SCHEMBL13210325
20412,CHEMBL3348879
20413,NCGC00346524-01
20414,NCGC00179454-04
20416,NCGC00263527-02
20417,NCGC00263944-01
20418,NCGC00178852-05
20419,Framycetin sulfate
20420,NCGC00016641-01
20421,tetracycline
20422,linezolid
20423,CHEMBL3348928
20424,CHEMBL3348848
20425,CHEMBL3856067
20426,96036-03-2
20427,1beta-Methylimipenem
20428,Tebipenem pivoxil
20429,1-(1-Naphthylmethyl)piperazine
20430,CHEMBL3348872
20431,CHLORAMPHENICOL PALMITATE
20432,sulfapyridine
20433,sulfameter
20434,sulfaphenazole
20435,sulfisoxazole
20436,sulfamethoxazole
20437,sulfadimethoxine
20438,Nitrofurazonum
20439,chloramphenicol
20440,sulfadiazine
20441,metronidazole
20442,2-Nitroimidazole
20443,NCGC00346609-01
20444,Lincomycin hydrochloride
20445,NCGC00017354-06
20446,thiamphenicol
20447,Hordenine
20448,oxytetracycline
20449,NCGC00016645-01
20450,minocycline
20451,aztreonam
20452,Oxacillin sodium salt
20453,cloxacillin(1-)
20454,NCGC00016797-04
20455,SULBACTAM
20456,ofloxacin
20457,Marbofloxacin
20458,enoxacin
20459,nalidixic acid
20460,fleroxacin
20461,lomefloxacin
20462,cefaclor
20463,27726-35-8
20464,cephradine
20465,cefdinir
20466,CHEMBL1316023
20467,cefditoren pivoxil
20468,Ceftiofur
20469,Cefprozil monohydrate
20470,NCGC00016552-01
20471,NCGC00185071-01
20472,mesna
20473,Mesna disulfide
20474,NCGC00166236-01
20475,altretamine
20476,mitotane
20477,4-methylumbelliferone
20478,Nefiracetam
20479,chlormezanone
20480,Etomidate
20481,felbamate
20482,Indiplon
20483,Eszopiclone
20484,Osthole
20485,flumazenil
20486,Dihydromyricetin
20487,NCGC00346666-01
20488,Ginkgolide B
20489,Bilobalide
20490,TETRAHYDROPAPAVERINE
20491,Ki16425
20492,mocravimod
20493,BAF312
20494,BTZ043 Racemate
20495,prothionamide
20496,isoniazid
20497,ethionamide
20498,NITAZOXANIDE
20499,DICLAZURIL
20500,Secnidazole
20501,EMETINE
20502,mebendazole
20503,praziquantel
20504,thiabendazole
20505,Oxfendazole
20506,Albendazole oxide
20507,Flubendazole
20508,fenbendazole
20509,Spectrum_000880
20510,CLORSULON
20511,DSSTox_CID_20664
20512,Mecarbinate
20513,Arbidol
20514,Moroxydine
20515,Varespladib
20516,CHEMBL3348905
20517,Odanacatib
20518,CHEMBL3348989
20519,CHEMBL3348944
20520,TRAM-34
20521,Melatonin
20522,"b-D-Glucopyranoside, 4-hydroxyphenyl"
20523,(E/Z)-ferulic acid
20524,ZINC103939005
20526,CHEMBL3348900
20527,idebenone
20528,NCGC00346613-01
20529,TMPN
20530,Octocrylene
20531,Visudyne
20532,Avobenzone
20533,trioxsalen
20534,rose bengal(2-)
20535,edaravone
20536,rebamipide
20537,Indinavir sulfate
20538,ritonavir
20539,Lopinavir
20540,Atazanavir
20541,Darunavir
20542,SCHEMBL2671137
20543,NCGC00090782-07
20544,BMS-707035
20545,Elvitegravir
20546,Raltegravir
20547,Dolutegravir
20548,MK-2048
20549,357263-14-0
20550,fluconazole
20551,Antimycin A
20552,CHEMBL3348942
20553,nystatin
20554,Amorolfine
20555,Butoconazole
20556,tioconazole
20557,FENTICONAZOLE
20559,Isoconazole
20560,econazole
20561,CPI-613
20562,Terbinex
20563,Liranaftate
20564,tolnaftate
20565,ITMN191
20566,SCHEMBL12175228
20567,CHEMBL3348843
20568,CHEMBL3348829
20569,bumetanide
20570,furosemide
20571,Torasemide
20572,BISOPROLOL
20573,ZINC43163828
20574,dobutamine
20575,Nebivolol hydrochloride
20576,betaxolol
20577,carvedilol
20578,sotalol
20579,PROCATEROL
20580,Salbutamol
20581,DU-21220
20582,isoproterenol
20583,phentolamine
20584,doxazosin
20585,naftopidil
20586,alfuzosin
20587,prazosin
20588,Racemic Tamsulosin
20589,CHEMBL3348946
20590,terazosin
20591,trazodone
20592,Synephrine
20593,clonidine
20594,phenylephrine
20595,oxymetazoline
20596,xylometazoline
20597,Dronedarone
20598,(+)-Usnic acid
20599,phenoxybenzamine
20600,PSEUDOYOHIMBINE
20601,tizanidine
20602,epinephrine
20603,norepinephrine
20604,ketoconazole
20605,aminoglutethimide
20606,miconazole
20607,letrozole
20608,anastrozole
20609,formestane
20610,methyltestosterone
20611,CHEMBL3348860
20612,FLUOCINOLONE ACETONIDE
20613,NCGC00161834-01
20614,SR-01000075723
20615,ZINC97975747
20616,NCGC00179649-07
20617,NCGC00021925-04
20618,meprednisone
20619,NCGC00016330-01
20620,TRIAMCINOLONE ACETONIDE
20621,BETAMETHASONE DIPROPIONATE
20622,BETAMETHASONE VALERATE
20623,CHEMBL3349012
20624,CHEMBL3348884
20625,CHEMBL1394734
20626,Loteprednol etabonate
20627,DESONIDE
20628,CHEMBL3348838
20629,mometasone furoate
20630,FLUTICASONE PROPIONATE
20631,CLOBETASOL PROPIONATE
20633,Nandrolone phenpropionate
20634,SR-05000001623
20635,CHEMBL3348954
20636,SCHEMBL6464278
20637,NCGC00090797-11
20638,CHEMBL3349010
20639,NCGC00179363-03
20640,145-13-1
20641,CHEMBL3348847
20642,"ergosta-5,7,22-trien-3-ol"
20643,CHEMBL3348926
20644,CHEMBL3348849
20645,NCGC00017244-05
20646,CHEMBL3348967
20647,CHEMBL3348914
20648,CHEMBL3348894
20649,PA-824
20650,TRIMETHYL GLYCINE
20651,JS-K
20652,NCGC00346969-01
20653,CHEMBL3184424
20654,CHEMBL3348982
20655,2-iminobiotin
20656,L-NAME
20657,mifepristone
20658,Megestryl acetate
20659,CHEMBL3348947
20660,CHEMBL3348934
20661,CHEMBL3348935
20662,ZINC22059945
20663,progesterone
20664,CHEMBL3348910
20665,17-Hydroxypregn-4-en-20-yn-3-one
20666,HYODEOXYCHOLIC ACID
20667,CHEMBL3349015
20668,CHEMBL3348950
20669,NCGC00263148-01
20670,426219-18-3
20671,SCHEMBL2610023
20672,Roxadustat
20674,yc-1
20675,L-thyroxine
20677,hexestrol
20678,143945-86-2
20679,Eltrombopag
20680,cromoglycate(2-)
20681,Suplatast
20682,Acitazanolast
20683,CHEMBL3348899
20684,Olopatadin
20685,amlexanox
20686,dyphylline
20687,Ipratropium bromide hydrate
20688,METHSCOPOLAMINE BROMIDE
20689,ZINC101112865
20690,trospium chloride
20691,CHEMBL258622
20692,124936-75-0
20693,207679-81-0
20694,oxybutynin
20695,orphenadrine
20696,Fesoterodine
20697,OTILONIUM
20698,Triethylgallamine
20699,amiodarone
20700,irsogladine maleate
20701,L-Hyoscyamine
20702,ZINC242723022
20703,bethanechol
20704,arecoline
20705,BI-671800
20706,CRTh2 antagonist 2
20707,Ramatroban
20708,tm30089
20709,CHEMBL387477
20710,CHEMBL3348883
20711,15(S)-Fluprostenol isopropyl ester
20712,SERATRODAST
20713,Atracurium besylate
20714,NCGC00346664-01
20715,methocarbamol
20716,carisoprodol
20717,hydralazine
20718,CHEMBL3348952
20719,Zoledronic acid
20720,Risedronate sodium
20721,NCGC00346531-01
20722,Prasugrel
20723,clopidogrel
20724,ticlopidine
20725,Apixaban
20726,Xarelto
20727,warfarin
20728,Nafamostat
20729,NCGC00185736-01
20730,Voriconazole
20731,clotrimazole
20732,mianserin
20733,Ziprasidone
20734,mirtazapine
20735,Ketanserin
20736,Aripiprazole
20737,Agomelatine
20738,Telotristat etiprate
20739,tetrahydropalmatine
20740,Ramelteon
20741,amisulpride
20742,CHEMBL317493
20743,Sumanirole
20744,Asenapine
20745,fenoldopam
20746,FLUPHENAZINE
20747,Prochlorperazine dimaleate
20748,Iloperidone
20749,risperidone
20750,haloperidol
20751,sulpiride
20752,olanzapine
20753,pramipexole
20754,clozapine
20755,amantadine
20756,domperidone
20757,Diclofensine
20758,bupropion
20759,67469-78-7
20760,Gbr 12935
20761,maprotiline
20762,Dapoxetine
20763,duloxetine
20764,clomipramine
20765,5-hydroxy-L-tryptophan
20766,Nepicastat
20767,TETRABENAZINE
20768,1-beta-D-Xylofuranosyluracil
20769,ethosuximide
20770,Isoreserpin
20771,Caffeine citrate
20772,taurine
20773,Skf 89976A
20774,Lubiprostone
20775,BALSALAZIDE
20776,Rilmenidine
20777,MOXONIDINE
20778,chlorothiazide
20779,hydrochlorothiazide
20780,Conivaptan
20781,Tolvaptan
20782,trichlormethiazide
20783,D-Sorbitol
20784,Aloin B
20785,Racecadotril
20786,argatroban
20787,Dabigatran
20788,Glycyrrhizic acid
20789,Dabigatran etexilate mesylate
20790,CHEMBL3349002
20791,Atopaxar
20792,methyldopa
20793,benserazide
20794,dl-Carbidopa
20795,EFLORNITHINE
20796,aniracetam
20797,pramiracetam
20798,CHEMBL3348886
20799,CHEMBL492193
20800,rivastigmine
20801,Huperzine A
20802,Tacrine
20803,Monobenzone
20804,348622-88-8
20805,ADAPALENE
20806,9-cis Acitretin
20807,malotilate
20808,NCGC00346433-01
20809,oseltamivir
20810,CHEMBL3348924
20811,rimantadine
20812,1-DOCOSANOL
20813,9-BETA-D-XYLOFURANOSYL-ADENINE
20814,SCHEMBL10015658
20815,CHEMBL1625829
20816,Limonin
20817,famciclovir
20818,Pizotifen
20819,Erdosteine
20820,bromhexine
20821,MK-3207
20822,biperiden
20823,levodopa
20824,selegiline
20825,Rasagiline mesylate
20826,formononetin
20827,Phenelzine
20828,NSC 242267
20829,tranylcypromine
20830,dopamine
20831,ZINC11616261
20832,mycophenolate mofetil
20833,Spectrum_001978
20834,SCHEMBL326516
20835,AVN-944
20836,Gimeracil
20837,ADL5859
20838,naltrexone
20839,loperamide
20840,Matrine
20841,Oxymatrine
20842,MCOPPB
20843,JTC-801 free base
20844,SCHEMBL1946862
20845,SB-612111
20846,Norbinaltorphimine
20847,Cyprodime
20848,Metenkephalin
20849,phloretin
20850,CHEMBL3348895
20851,MK-8245
20852,NCGC00160515-03
20853,ZINC3831133
20854,Repaglinide
20855,NCGC00346729-01
20856,nateglinide
20857,Fasiglifam
20858,GSK1292263
20859,ZINC139045355
20861,dorzolamide
20862,metolazone
20863,indapamide
20864,sulfanilamide
20865,dichlorphenamide
20866,Tioxolone
20867,CHEMBL3348953
20868,CHEMBL3348824
20869,Prostaglandin E2
20870,CHEMBL3348975
20871,Buflomedil
20872,34031-32-8
20874,propylthiouracil
20875,PAEONOL
20876,CHEMBL3348948
20877,Coenzyme Q10
20878,CHEMBL3348918
20879,PERHEXILINE
20881,HEMATOXYLIN
20882,D-Penicillamine
20883,tiopronin
20884,Aliskiren
20885,cytarabine
20886,meglumine
20887,2-Deoxy-D-galactopyranose
20888,Pentitol
20889,NCGC00142624-04
20890,aspartame
20891,NCGC00091109-03
20892,pentagastrin
20893,Indole-3-butyric acid
20894,kinetin
20895,Bracken fern toxic component
20896,CHEMBL3186547
20897,Alibendol
20898,CHEMBL3348941
20899,Rhein
20900,Orotic acid
20901,288150-92-5
20902,CHEMBL3348892
20903,ipriflavone
20904,CHEBI:93770
20905,Cyclovirobuxine D
20906,propafenone
20907,carbazochrome sodium sulfonate
20909,RIFABUTIN
20910,NCGC00016752-02
20911,CHEMBL3348959
21624,Geniposide
21635,Doxorubicin Hydrochloride
21638,Romidepsin
21746,proscillaridin
21749,Ciclopirox olamine
21751,(-)-Ethyl apovincaminate
21752,tamoxifen
21753,Tocris-1479
21790,Flavopiridol hydrochloride
21802,RALOXIFENE HYDROCHLORIDE
25860,Uprosertib
25861,Nirogacestat
25862,PF-03814735
41527,CYTARABINE HYDROCHLORIDE
41528,23541-50-6
41532,CHEMBL17639
41536,5-Fluoro-2'-deoxyuridine
41537,Fludarabine Base
41538,Antibiotic AD 32
41540,Procarbazine hydrochloride
41546,Tamoxifen citrate
41557,7803-88-5
41561,"Azacytidine, 5-"
41565,CHEMBL277800
41567,Co-V
41581,MITHRAMYCIN
41584,Antibiotic AY 22989
41585,158798-73-3
41591,Triethylenemelamine
41595,bleomycin
41600,Vincristine sulfate
41604,Bendamustine hydrochloride
41608,TOPOTECAN HYDROCHLORIDE
41620,NSC733504
41628,Uramustine
41633,Melphalan hydrochloride
41636,5-Aminolevulinic acid hydrochloride
41645,55-86-7
41674,amifostine
41679,pipobroman
41730,Vepesid J
41778,NSC-127716
41987,Quinacrine hydrochloride
42071,Zanosar
42300,MEGESTROL ACETATE
42318,EXEMESTANE
42556,Emcyt (Pharmacia)
42697,Ixabepilone
43077,cis-Platin
46663,Trisenox
46719,NSC256439
46782,NSC707389
53391,BI605906
53482,10058-F4
53487,GSK2334470
53490,JNK-IN-8
53528,Toxoflavin
53555,SF1670
53559,Stattic
77812,(-)-huperzine A
77813,(-)-MK 801 Maleate
77816,(+)-Bicuculline
77820,Octopamine hydrochloride
77822,1-Hexadecanol
77823,32981-86-5
77826,17-DMAG (Alvespimycin) HCl
77827,2-Methoxyestradiol
77828,2-thiouracil
77829,20-HYDROXYECDYSONE
77830,3-Deazaneplanocin
77833,4-Aminohippuric acid
77835,14003-96-4
77838,5-hydroxytryptophan
77839,7-Aminocephalosporanic acid
77840,8-AZAGUANINE
77841,251992-66-2
77845,1166227-08-2
77846,959122-11-3
77847,Abiraterone acetate
77854,acarbose
77855,Acebutolol hydrochloride
77856,Aceclidine hydrochloride
77858,Acesulfame potassium
77859,acetanilide
77860,acetarsol
77861,ACETYLCHOLINE CHLORIDE
77862,N-Acetyl-L-cysteine
77865,Acitretin
77866,Aclidinium bromide
77869,Adenine hydrochloride
77870,adenosine
77871,Adiphenine hydrochloride
77872,AdipoRon
77873,850173-95-4
77874,Adrenalone hydrochloride
77881,Tyrphostin 23
77882,133550-30-8
77885,albendazole
77888,alfacalcidol
77889,Alfuzosin Hydrochloride
77892,Aliskiren hemifumarate
77893,Limican
77894,Alizarin
77896,ALLYLTHIOUREA
77897,Almotriptan malate
77899,Alogliptin
77900,Aloperine
77901,alprostadil
77902,Altrenogest
77904,ALVERINE CITRATE
77905,444912-48-5
77906,AM251
77907,Amantadine hydrochloride
77909,Ambroxol hydrochloride
77911,61618-27-7
77913,AMG-517
77915,aminophenazone
77916,AMILORIDE HYDROCHLORIDE
77918,aminophylline
77919,2-AMINOTHIAZOLE
77920,Amiodarone hydrochloride
77922,Amitriptyline hydrochloride
77923,amlodipine
77924,Ammonium glycyrrhizate
77926,amorolfine hydrochloride
77927,amoxicillin
77928,Amoxicillin sodium
77929,amphotericin b
77930,AMPICILLIN SODIUM
77931,AMPICILLIN TRIHYDRATE
77932,ampiroxicam
77933,amprenavir
77934,Amprolium hydrochloride
77937,ANAGRELIDE HYDROCHLORIDE
77940,Andrographolide
77942,ANISOTROPINE METHYLBROMIDE
77943,Antazoline hydrochloride
77944,antipyrine
77945,AP26113
77949,Acetovanillone
77950,Apoptosis Activator 2
77951,Apremilast
77954,AR-A014418
77955,131707-23-8
77956,arbutin
77961,Artemether
77962,artemisinin
77963,Artesunate
77964,ARTICAINE HYDROCHLORIDE
77965,AS-252424
77969,Asiatic acid
77973,Astragaloside A
77974,Gossypol acetic acid
77980,Atazanavir sulfate
77981,Atomoxetine hydrochloride
77982,ATORVASTATIN CALCIUM
77983,ATOVAQUONE
77985,ATROPINE
77989,Avanafil
77991,AVL-292
77997,AZ191
77998,AZ20
78000,Azacyclonol
78001,Azaperone
78002,Azatadine maleate
78004,AZD1080
78005,AZD1981
78006,AZD2014
78007,AZD2461
78008,AZD2858
78009,AZD3463
78010,AZD3514
78017,AZD8330
78019,AZELASTINE HYDROCHLORIDE
78020,Azelnidipine
78021,Azilsartan
78022,AZILSARTAN MEDOXOMIL
78023,azithromycin
78024,AZLOCILLIN SODIUM
78027,MLS002695992
78029,Baicalin
78035,bay 11-7082
78036,Bazedoxifene HCl
78037,BECLOMETHASONE DIPROPIONATE
78039,bemegride
78040,BENAZEPRIL HYDROCHLORIDE
78042,BENDROFLUMETHIAZIDE
78043,benfotiamine
78044,benidipine hydrochloride
78045,BENSERAZIDE HYDROCHLORIDE
78046,benzbromarone
78047,benzethonium chloride
78048,benzocaine
78049,benzoic acid
78050,BENZTROPINE MESYLATE
78051,Benzydamine hydrochloride
78052,BEPHENIUM HYDROXYNAPHTHOATE
78053,Bepotastine besilate
78054,berberine chloride
78055,Bergapten
78058,beta-carotene
78059,Betahistine dihydrochloride
78060,betamethasone
78061,Betamipron
78063,Bethanechol chloride
78067,bezafibrate
78069,NVP-BGT226
78074,bifonazole
78077,Bimatoprost
78081,Bioepiderm
78082,Biperiden hydrochloride
78085,bisacodyl
78086,Bisoprolol fumarate
78087,1392399-03-9
78088,BIX02188
78091,Bleomycin sulfate
78092,BML-190
78093,UNII-4GF4A623RF
78095,BMS-378806
78100,BMS-833923
78101,21102-95-4
78103,Bosentan hydrate
78106,BRIMONIDINE TARTRATE
78107,Brinzolamide
78109,Brivanib alaninate
78110,193611-72-2
78111,57477-39-1
78112,BROMFENAC SODIUM
78113,Bromhexine hydrochloride
78114,Brompheniramine maleate
78115,broxyquinoline
78116,BRUCINE
78117,BS-181 HCl
78119,budesonide
78121,Buflomedil hydrochloride
78123,Bupivacaine hydrochloride
78124,Buspirone hydrochloride
78126,butein
78127,Butenafine hydrochloride
78128,BUTOCONAZOLE NITRATE
78129,scopolamine butylbromide
78135,caffeic acid
78136,Caffeic acid phenethyl ester
78138,Calcifediol
78139,calcitriol
78140,CALCIUM GLUCEPTATE
78141,Camostat mesylate
78143,Canagliflozin
78144,candesartan
78145,Candesartan cilexetil
78147,CAPECITABINE
78148,captopril
78149,UNII-M2X04R2E2Y
78150,carbamazepine
78152,Carbenicillin disodium
78153,CARBENOXOLONE SODIUM
78154,carbidopa
78155,Carbimazole
78159,carprofen
78161,Caspofungin acetate
78162,Catharanthine
78163,Cathepsin inhibitor 1
78164,CAY10505
78165,883050-24-6
78172,cefoperazone
78173,Cefoselis sulfate
78174,Ceftiofur hydrochloride
78177,CEP-32496
78179,cephalexin
78180,Cephalomannine
78181,CEPHARANTHINE
78182,Cetirizine dihydrochloride
78183,Cetrimonium bromide
78184,cetylpyridinium chloride
78185,CFTRinh-172
78186,CGK733
78187,CGS 21680 hydrochloride
78189,chenodeoxycholic acid
78192,CHIR-99021 HCl
78196,CHLOROGENIC ACID
78199,Chlorpheniramine maleate
78200,Chlorpromazine hydrochloride
78201,chlorpropamide
78202,chlorprothixene
78203,Chlorquinaldol
78204,chlorzoxazone
78205,CHOLINE CHLORIDE
78206,chromocarb
78212,CILAZAPRIL MONOHYDRATE
78213,Cilengitide
78214,cilnidipine
78218,Cinacalcet hydrochloride
78219,CINCHONIDINE
78220,Cinchophen
78221,cinepazide maleate
78222,cinoxacin
78224,ciproxifan
78225,Cisatracurium besylate
78228,clarithromycin
78229,CLEMASTINE FUMARATE
78230,Clevidipine
78231,Clevudine
78232,Climbazole
78233,clindamycin
78234,Clindamycin hydrochloride
78239,clofazimine
78240,clofibric acid
78241,Clomifene citrate
78242,Clomipramine hydrochloride
78243,CLONIDINE HYDROCHLORIDE
78245,clorprenaline hydrochloride
78247,Closantel
78248,Closantel sodium
78250,Cloxacillin sodium
78252,CNX-774
78253,Rociletinib
78254,Cobicistat
78255,Conivaptan hydrochloride
78256,CORTISONE ACETATE
78258,coumarin
78266,Crystal violet
78267,CTEP
78271,Curcumol
78274,Cyclamic acid
78275,cyclandelate
78276,Cyclizine 2HCl
78277,Cyclocytidine hydrochloride
78281,cyproheptadine hydrochloride
78282,CYPROTERONE ACETATE
78283,CYROMAZINE
78284,Cysteamine hydrochloride
78289,CZC24832
78290,D-mannitol
78292,BIBR-1048
78295,Daclatasvir
78296,Dacomitinib
78298,Dalcetrapib
78299,DANOPREVIR
78301,Dapagliflozin
78303,Dapivirine
78304,Dapoxetine hydrochloride
78307,Darifenacin hydrobromide
78308,Darunavir ethanolate
78312,DECAMETHONIUM BROMIDE
78315,DEFLAZACORT
78317,Dehydroepiandrosterone
78318,Deoxyarbutin
78319,Desloratadine
78321,Desvenlafaxine
78322,386750-22-7
78323,DETOMIDINE HYDROCHLORIDE
78325,dexlansoprazole
78326,DEXMEDETOMIDINE
78328,D(+)-Glucose
78329,Diacerein
78330,dibenzothiophene
78331,Dibucaine hydrochloride
78334,Diclofenac diethylamine
78335,Diclofenac potassium
78336,Diclofenac sodium
78337,Dicloxacillin sodium
78338,Dicyclomine hydrochloride
78340,Dienogest
78341,diethylstilbestrol
78342,DIFLOXACIN HYDROCHLORIDE
78343,difluprednate
78344,Dihydroartemisinin
78346,Diltiazem hydrochloride
78347,Dimaprit Dihydrochloride
78348,Dimesna
78349,Dimethyl fumarate
78350,Diminazene aceturate
78352,Dioscin
78354,diosmin
78355,DIPERODON HYDROCHLORIDE
78356,DIPHEMANIL METHYLSULFATE
78357,DIPHENHYDRAMINE HYDROCHLORIDE
78359,Dirithromycin
78361,DIVALPROEX SODIUM
78362,DL-Carnitine hydrochloride
78367,domiphen bromide
78369,Dopamine hydrochloride
78370,Doripenem hydrate
78371,Dovitinib lactate
78373,7081-53-0
78374,Doxazosin mesylate
78376,doxifluridine
78377,DOXOFYLLINE
78378,Doxorubicin (Adriamycin)
78379,Doxycycline hydrochloride
78380,Doxycycline hyclate
78381,Doxylamine succinate
78382,Dronedarone hydrochloride
78383,droperidol
78384,dropropizine
78385,Drospirenone
78387,DULOXETINE HYDROCHLORIDE
78388,Dutasteride
78389,Dyclonine hydrochloride
78390,dydrogesterone
78391,"Dynamin Inhibitor I, Dynasore"
78393,e-64
78394,ebastine
78395,Econazole nitrate
78397,EDOXABAN
78398,Efaproxiral sodium
78399,EHop-016
78400,Elaiophylin
78402,Eletriptan hydrobromide
78407,Empagliflozin
78408,Emtricitabine
78409,Enalapril maleate
78410,ENALAPRILAT DIHYDRATE
78411,ENMD-2076
78413,enoxolone
78414,Enrofloxacin
78415,ENTACAPONE
78416,Entecavir hydrate
78419,epalrestat
78420,EPIANDROSTERONE
78421,Epinastine hydrochloride
78422,Epinephrine bitartrate
78423,Epinephrine hydrochloride
78424,Epirubicin hydrochloride
78425,Epothilone A
78427,epoxomicin
78428,10402-53-6
78429,EPROSARTAN MESYLATE
78430,Tazemetostat
78431,EPZ004777 hydrochloride
78432,EPZ005687
78433,pinometostat
78434,Equol
78437,ERGOSTEROL
78439,ERYTHRITOL
78440,erythromycin
78441,Escitalopram oxalate
78442,Esculin
78443,Esmolol hydrochloride
78444,OMEPRAZOLE SODIUM
78445,estradiol
78446,estradiol valerate
78447,estriol
78448,estrone
78449,6402-23-9
78450,Ethambutol dihydrochloride
78451,Etamsylate
78452,ethinyl estradiol
78454,ETHYNODIOL DIACETATE
78456,Etofibrate
78460,Etravirine
78461,EUK 134
78462,Evacetrapib
78463,159351-69-6
78464,Evodiamine
78467,Ezetimibe
78470,Famprofazone
78471,Fasudil hydrochloride
78474,felodipine
78477,Fenoprofen calcium
78478,Fenspiride hydrochloride
78479,FENTICONAZOLE NITRATE
78480,Ferrostatin-1
78481,ferulic acid
78482,Fesoterodine fumarate
78483,FEXOFENADINE HYDROCHLORIDE
78485,Fidaxomicin
78486,finasteride
78487,Fingolimod hydrochloride
78490,Flavoxate hydrochloride
78491,flopropione
78492,Florfenicol
78493,floxuridine
78497,fludarabine phosphate
78498,flufenamic acid
78500,flumequine
78501,flumethasone
78502,Flunarizine dihydrochloride
78503,FLUNIXIN MEGLUMINE
78505,fluocinonide
78506,FLUOROMETHOLONE ACETATE
78508,FLUOXETINE HYDROCHLORIDE
78509,Flupirtine maleate
78513,FLUVASTATIN SODIUM
78514,FLUVOXAMINE MALEATE
78518,FORMOTEROL FUMARATE
78519,forskolin
78520,Fosaprepitant dimeglumine
78521,FOSCARNET SODIUM
78525,Furaltadone hydrochloride
78527,Gabexate mesylate
78528,gadodiamide
78529,Galeterone
78530,GALLAMINE TRIETHIODIDE
78533,Gastrodin
78536,GDC-0152
78537,GDC-0349
78540,Apitolisib
78542,geldanamycin
78543,gemcitabine
78545,Genipin
78547,Geniposidic acid
78549,GESTODENE
78551,Ginkgolide A
78554,glafenine
78558,Gliquidone
78559,glyburide
78563,Golgicide A
78564,Golvatinib
78566,Gramine
78567,Granisetron HCl
78568,griseofulvin
78569,GSK J4 HCl
78582,guaifenesin
78583,Guanabenz acetate
78584,guanethidine sulfate
78585,Guanidine hydrochloride
78586,guanosine
78589,405911-17-3
78590,278779-30-9
78592,gw5074
78596,GW9662
78597,Gynostemma Extract
78598,GZD824
78599,H-89 DIHYDROCHLORIDE
78601,halcinonide
78602,HALOBETASOL PROPIONATE
78604,HC-030031
78608,hesperetin
78609,hesperidin
78611,Histamine dihydrochloride
78613,51-56-9
78616,HYDRALAZINE HYDROCHLORIDE
78620,Hydroxyzine dihydrochloride
78622,hyoscyamine
78628,Icariin
78630,Icotinib
78633,idoxuridine
78634,IEM 1754 dihydrobroMide
78635,ifenprodil tartrate
78638,Ilomastat
78641,Imatinib mesylate
78643,imidapril
78644,Imipramine hydrochloride
78647,Indacaterol maleate
78650,Indole-3-carbinol
78655,inosine
78656,iOWH-032
78659,Duvelisib
78660,ipratropium bromide
78662,irbesartan
78664,IRINOTECAN HYDROCHLORIDE Trihydrate
78665,Irsogladine
78666,isoconazole nitrate
78669,Isoprenaline hydrochloride
78670,isosorbide
78671,Isotretinoin
78672,ISOVALERAMIDE
78680,IVERMECTIN
78681,IWP-L6
78682,IWR-1-endo
78683,JIB-04
78684,681136-29-8
78688,JNJ-7777120
78689,JSH-23
78690,JTC-801
78692,1431985-92-0
78698,KETOTIFEN FUMARATE
78699,Ki16198
78704,KPT-276
78705,Selinexor
78714,10030-85-0
78716,ASCORBYL PALMITATE
78717,L-carnitine
78719,Lacidipine
78720,amygdalin
78722,lamivudine
78725,Lapatinib Ditosylate
78726,Lappaconitine hydrobromide
78730,ceritinib
78731,LDN-57444
78737,Levobetaxolol HCl
78738,Levodropropizine
78740,Levonorgestrel
78742,Levosulpiride
78745,lidocaine
78751,LIOTHYRONINE SODIUM
78752,Lithium citrate
78753,LITHOCHOLIC ACID
78754,Lomefloxacin hydrochloride
78756,Lomerizine hydrochloride
78760,Loperamide hydrochloride
78763,Lorcaserin hydrochloride
78765,LOSARTAN POTASSIUM
78768,Loxapine succinate
78770,Luliconazole
78771,Lumiracoxib
78775,LY2228820
78777,LY2608204
78780,1231930-82-7
78781,LY2886721
78783,396129-53-6
78788,Magnolol
78791,Manidipine dihydrochloride
78792,Maprotiline hydrochloride
78799,Meclizine dihydrochloride
78800,Medetomidine hydrochloride
78801,Medroxyprogesterone acetate
78802,mefenamic acid
78805,Binimetinib
78808,MEMANTINE HYDROCHLORIDE
78810,MEPENZOLATE BROMIDE
78811,Mepiroxol
78812,Mepivacaine hydrochloride
78814,MEPTAZINOL HYDROCHLORIDE
78815,4-Methoxyphenol
78817,meropenem
78818,5-Aminosalicylic acid
78820,mestranol
78821,METHACYCLINE HYDROCHLORIDE
78822,methazolamide
78823,methenamine
78824,methimazole
78828,Methylscopolamine
78829,methyclothiazide
78830,Methyl hesperidin
78831,Methylhydantoin-5-(D)
78832,methylprednisolone
78833,methylthiouracil
78834,meticrane
78836,Metoprolol tartrate
78838,Mevastatin
78839,Mexiletine hydrochloride
78840,MEZLOCILLIN SODIUM
78843,Mianserin hydrochloride
78845,Miconazole nitrate
78847,MIGLITOL
78849,Milnacipran hydrochloride
78851,Mirabegron
78854,Mitoxantrone hydrochloride
78855,mizoribine
78863,DIZOCILPINE
78865,MK-8745
78866,891494-63-6
78867,Nodinitib-1
78868,1222781-70-5
78869,423735-93-7
78873,MM-102
78874,1485-00-3
78876,moclobemide
78877,MOEXIPRIL HYDROCHLORIDE
78878,Moguisteine
78881,MONTELUKAST SODIUM
78883,Moroxydine hydrochloride
78884,Mosapride citrate
78885,Motesanib diphosphate
78886,MOXALACTAM DISODIUM
78887,Moxifloxacin hydrochloride
78889,Mozavaptan
78891,MRS 2578
78892,Mubritinib
78894,mycophenolic acid
78896,Myricitrin
78897,N6-Methyladenosine
78898,nabumetone
78899,nadifloxacin
78900,Nafamostat mesylate
78901,NAFCILLIN SODIUM
78903,NAFTOPIDIL DIHYDROCHLORIDE
78905,Naloxone hydrochloride
78906,Naltrexone hydrochloride
78907,Nanchangmycin
78908,NAPHAZOLINE HYDROCHLORIDE
78912,naringin
78913,naringin dihydrochalcone
78914,NATAMYCIN
78916,Nebivolol
78919,Nefopam hydrochloride
78921,Neohesperidin
78925,Nialamide
78926,Nicaraven
78927,NICARDIPINE HYDROCHLORIDE
78930,Nicotine ditartrate
78932,nifedipine
78933,nifenazone
78935,Nifuroxazide
78937,nilvadipine
78939,nimodipine
78940,nisoldipine
78942,Nithiamide
78943,nitrendipine
78944,nitrofurazone
78945,nizatidine
78946,NLG919
78947,N-methyl-D-aspartic acid
78948,NMS-873
78949,Nobiletin
78951,L-Noradrenaline bitartrate monohydrate
78952,norethindrone
78953,Noscapine hydrochloride
78954,NOVOBIOCIN SODIUM
78957,N-[(E)-1-(2-pyridyl)ethylideneamino]azetidine-1-carbothioamide
78958,NSC 405020
78960,154447-35-5
78966,NVP-BSK805 2HCl
78968,Disufenton sodium
78972,851723-84-7
78976,OLEANOLIC ACID
78978,Olmesartan medoxomil
78979,OLOPATADINE HYDROCHLORIDE
78980,OLSALAZINE SODIUM
78983,ONDANSETRON HYDROCHLORIDE
78984,ONX-0914
78986,Org 27569
78987,Oridonin
78988,orlistat
78989,Ornidazole
78991,Orphenadrine citrate
78992,Oseltamivir phosphate
78994,OSI-420
78999,Otilonium Bromide
79001,DSSTox_CID_16760
79002,oxaprozin
79004,oxeladin citrate
79005,Oxethazaine
79008,5987-82-6
79009,Oxybutynin chloride
79011,Oxymetazoline hydrochloride
79012,oxymetholone
79014,ozagrel
79015,ozagrel hydrochloride
79016,1247819-59-5
79017,920113-03-7
79018,882257-11-6
79022,Pacritinib
79023,Paeoniflorin
79025,827022-32-2
79026,Palmatine chloride
79028,PANCURONIUM BROMIDE
79029,Paroxetine hydrochloride
79030,Pasiniazid
79035,PD123319
79036,(+)-PD 128907 hydrochloride
79037,PD168393
79041,167869-21-8
79042,Pefloxacin mesylate
79044,penciclovir
79045,PENFLURIDOL
79046,Penicillin G sodium
79048,PERGOLIDE MESYLATE
79049,939791-38-5
79052,1111636-35-1
79054,Gedatolisib
79058,CYP3cide
79067,Phenazopyridine hydrochloride
79068,PHENFORMIN HYDROCHLORIDE
79069,phenindione
79070,PHENIRAMINE MALEATE
79071,PHENOTHIAZINE
79072,Phenoxybenzamine hydrochloride
79073,Phentolamine mesylate
79074,phenylbutazone
79075,PHENYLEPHRINE HYDROCHLORIDE
79076,phenytoin
79077,PHENYTOIN SODIUM
79079,Phlorizin
79081,PHTHALYLSULFACETAMIDE
79083,piceatannol
79084,Pidotimod
79086,Pifithrin-alpha
79089,PIK-75
79091,Pilocarpine hydrochloride
79092,Pimasertib
79095,pioglitazone hydrochloride
79096,PIPERACILLIN SODIUM
79097,piperine
79098,piracetam
79100,PIRFENIDONE
79101,piromidic acid
79103,Pitavastatin calcium
79104,Pizotifen malate
79105,PJ34
79106,PluriSln 1
79110,Polydatin
79113,Posaconazole
79114,potassium canrenoate
79115,potassium iodide
79116,172889-26-8
79118,172889-27-9
79120,PQ401
79121,PR-619
79122,Pracinostat
79126,Pramoxine hydrochloride
79128,pranoprofen
79130,PRAVASTATIN SODIUM
79132,Prazosin hydrochloride
79133,prednisolone
79134,prednisone
79135,pregnenolone
79136,Pridinol methanesulfonate
79137,prilocaine
79138,primaquine diphosphate
79140,Proadifen hydrochloride
79141,probenecid
79143,PROCAINE HYDROCHLORIDE
79145,Procyclidine hydrochloride
79147,PROPAFENONE HYDROCHLORIDE
79148,Proparacaine hydrochloride
79149,Propranolol hydrochloride
79152,1370261-97-4
79154,Prucalopride succinate
79155,PRX-08066 Maleic acid
79156,Puerarin
79160,PYRIDOSTIGMINE BROMIDE
79161,PYRIDOXINE HYDROCHLORIDE
79163,545380-34-5
79165,Quercetin dihydrate
79166,Quetiapine fumarate
79167,QUINAPRIL HYDROCHLORIDE
79168,Quinine hydrochloride dihydrate
79171,R406
79175,Ractopamine hydrochloride
79181,ramipril
79182,ranitidine
79184,Ranolazine dihydrochloride
79188,Reboxetine mesylate
79192,reserpine
79193,Resminostat
79194,resveratrol
79195,Retapamulin
79197,RG2833
79198,RGFP966
79200,RI-1
79201,ribavirin
79202,xylitol
79203,Deforolimus
79204,CHEBI:45367
79205,Rifampicin
79206,RIFAPENTINE
79207,Rifaximin
79208,Rigosertib sodium
79209,Rilpivirine
79215,Ritodrine hydrochloride
79217,Rivaroxaban
79218,Rivastigmine tartrate
79219,Rizatriptan benzoate
79220,RKI-1447
79222,ROCURONIUM BROMIDE
79226,ronidazole
79227,Ropinirole hydrochloride
79228,Ropivacaine hydrochloride
79231,Rosuvastatin calcium
79233,roxatidine acetate hydrochloride
79235,RS-127445
79237,Rufinamide
79238,Rupatadine fumarate
79240,RUTIN
79242,(S)-(+)-rolipram
79243,S-Ruxolitinib
79245,Safinamide mesylate
79246,salicin
79247,SALICYLANILIDE
79249,salinomycin
79251,SANT-1
79252,SAR131675
79255,SARAFLOXACIN HYDROCHLORIDE
79256,Salsalate
79261,261901-57-9
79262,209481-20-9
79270,607742-69-8
79271,940929-33-9
79272,SC-514
79273,SC144
79274,Schisandrin B
79275,Sclareol
79276,Sclareolide
79277,Scopine
79278,Scopine hydrochloride
79279,Scopolamine hydrobromide
79280,scriptaid
79284,Semaxanib
79285,Serotonin hydrochloride
79286,Sertaconazole nitrate
79287,Sertraline hydrochloride
79288,sesamin
79289,SGC-CBP30
79291,SGI-1027
79294,shikimic acid
79295,Sildenafil citrate
79296,silibinin
79297,Silodosin
79298,Silybin
79301,Sirtinol
79302,Sitafloxacin hydrate
79303,Sitagliptin phosphate monohydrate
79304,Sitaxsentan sodium
79307,SL327
79308,438190-29-5
79311,SNS-314 Mesylate
79313,Sodium 4-aminohippurate hydrate
79314,Sodium 4-aminosalicylate
79315,SODIUM ASCORBATE
79316,Sodium Danshensu
79317,SODIUM NITRITE
79318,14402-89-2
79319,Sodium 4-phenylbutyrate
79320,sodium picosulfate
79321,Sodium salicylate
79322,Solifenacin succinate
79325,Sorafenib tosylate
79331,Spectinomycin HCl
79332,spiramycin
79333,spironolactone
79334,SRPIN340
79335,1001645-58-4
79336,SSR128129E
79338,Stavudine (d4T)
79340,STF-118804
79342,STIGMASTEROL
79343,Streptomycin sulfate
79344,streptozocin
79345,SUCCINYLCHOLINE CHLORIDE DIHYDRATE
79346,Sucralose
79348,SULBACTAM SODIUM
79349,Sulconazole nitrate
79350,Sulfacetamide sodium
79352,sulfaguanidine
79353,sulfamerazine
79355,sulfamethazine
79358,sulfamethoxypyridazine
79362,sulfathiazole
79364,sulindac
79366,SUMATRIPTAN SUCCINATE
79367,Suplatast Tosilate
79368,suprofen
79369,Suvorexant
79371,Synephrine hydrochloride
79372,313516-66-4
79374,Tacrine hydrochloride
79377,761437-28-9
79380,Vonoprazan Fumarate
79381,TAK-632
79382,Orteronel
79384,TAK-733
79387,14807-96-6
79392,Tangeretin
79396,Tasisulam
79397,TAXIFOLIN
79399,30675-13-9
79400,TCS 359
79402,Telaprevir
79411,Tenofovir
79413,Tenovin-1
79415,Terazosin hydrochloride
79416,terbinafine
79417,Terbinafine hydrochloride
79418,terfenadine
79419,Teriflunomide
79420,Tetracaine hydrochloride
79421,TETRACYCLINE HYDROCHLORIDE
79422,4961-41-5
79423,6429-04-5
79424,Tetrahydrozoline hydrochloride
79426,TG003
79428,925705-73-3
79435,C9H16N2O4S
79438,Thioridazine hydrochloride
79439,THONZONIUM BROMIDE
79440,Tianeptine sodium
79441,1616632-77-9
79442,Ticagrelor
79443,ticarcillin sodium
79444,TICLOPIDINE HYDROCHLORIDE
79445,Tideglusib
79448,Tilmicosin
79449,Timolol maleate
79450,tinidazole
79453,Tiotropium bromide hydrate
79456,Tiratricol
79458,Tizanidine hydrochloride
79459,Tofacitinib citrate
79460,Tofacitinib
79461,Tolazoline hydrochloride
79462,tolbutamide
79464,tolfenamic acid
79465,TOLMETIN SODIUM
79467,Tolperisone hydrochloride
79468,Tolterodine tartrate
79469,Toltrazuril
79471,topiramate
79474,TOREMIFENE CITRATE
79482,tranilast
79483,1986-47-6
79484,Trazodone hydrochloride
79486,triamcinolone
79488,triamterene
79490,trichostatin A
79492,Triclabendazole
79493,Trifluoperazine dihydrochloride
79494,Trifluridine
79495,Triflusal
79497,trimethoprim
79498,Tripelennamine hydrochloride
79500,Trometamol
79501,tropicamide
79502,tropisetron
79504,Troxerutin
79505,troxipide
79506,TTNPB
79507,Tubastatin A HCl
79510,tylosin tartrate
79511,Malonoben
79512,146535-11-7
79513,CBiol_001931
79514,178606-66-1
79515,U0126-EtOH
79517,Ulipristal
79518,UNC1999
79519,UNC2250
79520,UPF 1069
79521,uracil
79522,Urapidil hydrochloride
79524,uridine
79525,URSODEOXYCHOLIC ACID
79526,Ursolic acid
79527,Valacyclovir hydrochloride
79529,Valganciclovir hydrochloride
79530,Valnemulin hydrochloride
79531,Sodium valproate
79532,valsartan
79534,vanillin
79535,ZINGERONE
79536,Vardenafil hydrochloride trihydrate
79537,Varenicline tartrate
79542,VE-822
79543,VECURONIUM BROMIDE
79547,Verapamil hydrochloride
79549,Vilazodone hydrochloride
79550,Vildagliptin
79551,vinblastine
79553,Vinflunine Tartrate
79555,vitamin B12
79556,l-ascorbic acid
79557,ergocalciferol
79558,Vitamin D3
79559,voglibose
79563,Vortioxetine hydrobromide
79565,1161205-04-4
79566,1246086-78-1
79567,61350-00-3
79568,155584-74-0
79570,VX-661
79574,VX-765
79576,WAY-100635 maleate salt
79578,WHI-P154
79580,wortmannin
79581,WP1066
79582,Pirinixic acid
79587,WZ4003
79589,55778-02-4
79590,XANTHONE
79592,XL019
79595,XL388
79596,XL888
79597,Xylazine hydrochloride
79598,Xylometazoline hydrochloride
79599,D-Xyl
79600,Y-27632 dihydrochloride
79604,YOHIMBINE HYDROCHLORIDE
79608,zanamivir
79609,ZCL278
79610,Zebularine
79614,13463-41-7
79615,Ziprasidone hydrochloride
79616,ZLN005
79617,690206-97-4
79618,ZM 323881 hydrochloride
79620,ZM 39923 hydrochloride
79624,zonisamide
79626,Zoxazolamine
80392,SCH772984
80454,Pralnacasan
80455,147859-80-1
80457,CAA0225
80458,C24H28N2O5.H2O
80459,VBY-825
80462,AT2 Agonist C21
80469,Episilvestrol
80473,WEHI-539
80477,S63845
80480,A-1210477
80481,VU0661013
80485,939981-37-0
80489,AMG-232
80490,MX69
80491,Milademetan
80492,SAR405838
80493,NVP-CGM097
80494,"4-[[(2R,3S,4R,5S)-3-(3-chloro-2-fluoro-phenyl)-4-(4-chloro-2-fluoro-phenyl)-4-cyano-5-(2,2-dimethylpropyl)pyrrolidine-2-carbonyl]amino]-3-methoxy-benzoic acid"
80497,RO8994
80499,CUDC-427
80500,LCL161
80503,AT-IAP
80507,PAC-1
80508,(R)-Etodolac
80509,Necrostatin 2 S enantiomer
80511,CHEMBL502156
80514,849727-81-7
80516,Imeglimin
80522,M2698
80532,h-89
80533,BAY1125976
80534,miransertib
80539,Afuresertib
80540,AT13148
80541,SCHEMBL2547935
80542,Ruboxistaurin mesylate
80543,LXS196
80545,Ingenol mebutate
80550,MKC-1
80552,Endoxifen
80556,vactosertib
80557,Repotrectinib
80559,Belizatinib
80562,KRCA-0008
80563,CHEMBL3972653
80564,Lorlatinib
80565,CEP28122
80566,compound 8e [PMID: 24432909]
80567,LDN-214117
80568,X-396
80569,LDN-212854
80570,ML347
80575,AZD0156
80579,BAY-1895344
80581,AZD6738
80582,Selonsertib
80588,BI-847325
80590,ENMD-2076 L-(+)-Tartaric acid
80607,Gilteritinib
80608,TP-0903
80609,SGI-7079
80611,Flumatinib mesylate
80619,GNF-7
80620,Bafetinib
80621,asciminib
80623,39711-79-0
80624,1439901-97-9
80625,Acalabrutinib
80626,BGB-3111
80627,Evobrutinib
80628,ONO-4059 analog
80629,Fenebrutinib
80630,GDC-0834 Racemate
80633,CGI-1746
80634,QL47
80636,SCHEMBL15691525
80638,Withaferin A
80639,Umbralisib
80641,950912-80-8
80642,PF-4800567
80645,PF-5006739
80646,BMS-595
80648,calmidazolium chloride
80650,kn-93
80655,CVT-313
80656,NVP-LCQ195
80659,SB1317
80661,RX-3117
80671,7-Hydroxystaurosporine
80673,Voruciclib
80677,riviciclib
80682,bisindolylmaleimide i
80684,Ribociclib
80687,Abemaciclib
80688,AMG 925
80689,SR-3029
80691,THZ1
80692,LY2857785
80693,THZ2
80694,Atuveciclib
80695,Simurosertib
80696,1169562-71-3
80697,1627696-51-8
80698,MSC2530818
80699,Senexin B
80700,CCT251545
80701,1607837-31-9
80702,THZ531
80703,RGB-286638
80709,CCT241533
80712,CCT-244747
80714,MK-8776
80717,SAR-020106
80718,Prexasertib
80720,Epiblastin A
80721,PLX647
80722,compound 22d [PMID: 16242323]
80723,ML315
80725,CHEMBL3185999
80731,Lucitanib
80732,BLZ945
80733,Pexidartinib
80740,cc-115
80741,VX-984
80742,GNE-3511
80744,1429617-90-2
80745,Empesertib
80746,CFI-402257
80747,1554458-53-5
80772,Avitinib
80774,Tesevatinib
80775,944341-54-2
80777,Icotinib Hydrochloride
80780,CNX-2006
80781,Poziotinib
80782,PKI-166
80784,AZD3759
80786,osimertinib
80788,Naquotinib mesylate
80789,Mavelertinib
80790,EAI045
80795,Irbinitinib
80798,PF-956980
80800,1265229-25-1
80801,Erdafitinib
80803,su5402
80804,SCHEMBL2263525
80807,BLU9931
80809,Derazantinib
80811,LY2874455
80812,ACTB-1003
80814,BLU-554
80815,FGF401
80818,AST 487
80819,FLT3-IN-1
80820,UNC2025
80823,MLS002232309
80824,717906-29-1
80827,GSK2256098
80828,Defactinib
80829,BRK inhibitor P21d (hydrochloride)
80834,LY2090314
80840,CHIR-98023
80841,BIO-Acetoxime
80844,AMG-337
80845,Savolitinib
80862,MK-8033
80863,Altiratinib
80864,NPS-1034
80865,GNE-495
80866,MKC3946
80867,APY29
80868,B I09
80869,ILK-IN-2
80876,Brigatinib
80877,XL-228
80878,Entrectinib
80890,AZD3264
80891,946518-60-1
80895,MRT 68601 hydrochloride
80900,ITK inhibitor
80901,CHEMBL2441273
80903,Cerdulatinib
80905,Solcitinib
80906,Itacitinib
80912,ZM39923
80916,CHZ868
80926,roniciclib
80927,Decernotinib
80928,JAK3i
80929,944118-01-8
80930,PF-06651600
80931,Olmutinib
80934,Napabucasin
80946,Bentamapimod
80951,ARS-853
80952,1440754-12-0
80958,GSK2578215A
80959,GNE-9605
80960,PF-06447475
80961,PF-06454589
80962,N-Desmethyl Imatinib
80965,compound 31 [PMID: 22902653]
80966,LX7101
80967,TOLIMIDONE
80969,Merestinib
80973,PF-3644022
80975,NCGC00183677-03
80983,SCHEMBL453656
80984,MEK inhibitor
80986,Cobimetinib
80987,RO4987655
80989,GDC-0623
80994,Ravoxertinib
80995,PD 198306
80997,Ulixertinib
80998,LY3214996
80999,ERK 11e
81001,XMD17-109
81005,OTSSP167
81006,unc569
81009,Mps1-IN-1
81010,MPI-0479605
81012,XMU-MP-1
81013,110448-33-4
81014,cc-223
81015,Salirasib
81020,"001, RAD"
81027,PF-04979064
81029,GNE-317
81041,voxtalisib
81042,oxa-01
81043,1101810-02-9
81044,eFT508
81045,CP 346086
81046,Iguratimod
81049,Capsaicin
81051,Xanthatin
81056,cbl0137
81064,FRAX486
81065,FRAX597
81066,FRAX1036
81067,NVS-PAK1-1
81070,CPI-1189
81072,152121-53-4
81074,JX-401
81083,TA-02
81088,AMG-548
81089,AL 8697
81090,928344-12-1
81091,Losmapimod
81092,Pexmetinib
81093,BMS-582949
81095,1265789-88-5
81096,BIX 02565
81102,TAK-593
81103,1442472-39-0
81104,Amcasertib
81105,OTS-964
81106,GSK2656157
81107,AMG PERK 44
81108,GSK2606414
81117,Serabelisib
81119,AMG-511
81120,PI-3065
81121,GDC-0326
81122,SF2523
81123,Seletalisib
81126,Tenalisib
81131,IPI-549
81133,108740-89-2
81134,LY3023414
81145,Pilaralisib
81147,Bimiralisib
81154,GDC-0084
81157,Sonolisib
81160,VS-5584
81161,AZD8186
81162,AZD8835
81164,GDC-0077
81170,PF-4989216
81177,SAR-260301
81180,GS-9901
81181,Acalisib
81182,AMG319
81183,T-00127-HEV1
81186,VPS34 inhibitor 1
81187,SAR405
81188,CX-6258
81191,PIM447
81192,TP-3654
81193,AZD1208
81196,GDC-0339
81201,TAK-960
81203,Briciclib
81206,NMS-1286937
81207,CFI-400945
81208,ON123300
81209,ALW-II-41-27
81216,PLX8394
81217,PLX7904
81219,946128-88-7
81223,RAF709
81228,LY3009120
81229,Encorafenib
81230,LY2584702
81231,GSK583
81232,WEHI-345
81233,GSK2982772
81234,GSK963 Racemate
81236,GSK481
81237,GSK872
81241,911417-87-3
81249,Ripasudil
81250,Netarsudil
81252,509088-69-1
81253,YKL-05-099
81255,DB07268
81258,MRT67307
81259,EMD638683
81266,STK16-IN-1
81267,476159-98-5
81268,867331-82-6
81273,RO9021
81276,Entospletinib
81277,PRT062607
81278,TAK-659
81280,494772-87-1
81281,R-268712
81288,DMH2
81293,GW768505A
81296,XMD8-87
81299,Larotrectinib
81300,GNF-5837
81301,PF-06273340
81306,GDC-046
81307,CEP-40783
81308,UK-371804
81309,Toceranib
81312,Sunitinib malate
81319,Fruquintinib
81320,glesatinib
81321,Sitravatinib
81322,Vatalanib
81323,BFH772
81324,Sulfatinib
81325,Oglufanide
81327,JNJ-38158471
81328,452105-23-6
81330,319460-94-1
81332,Orantinib
81343,300842-64-2
81344,Anlotinib
81345,882531-87-5
81346,BMS-690514
81347,SAR131675 Racemate
81349,WNK463
81353,TMP195
81355,Citarinostat
81358,4SC-202
81361,Martinostat
81362,ACY-775
81363,ACY-738
81377,Givinostat hydrochloride
81379,oxamflatin
81381,Chidamide
81382,CHEMBL3426805
81383,WT-161
81391,SRT3025
81392,1093403-33-8
81394,PFI-3
81395,EED226
81397,GSK-J2
81398,Antitumor Compound 1
81399,CPI-4203
81402,C646
81406,IOX1
81407,CPI-455
81409,Iadademstat
81410,1423715-09-6
81411,GSK2879552
81412,KDM5-C70
81413,MI-503
81414,A-366
81415,PF-CBP1
81416,CPI703
81417,TPOP146
81418,CPI-637
81419,UNC3866
81420,UNC0224
81421,UNC0646
81422,UNC0631
81426,EPZ011989
81427,CPI-1205
81429,CHEMBL4062204
81430,GSK343
81431,CPI-169 racemate
81433,GSK503
81434,CPI-360
81437,EPZ-031686
81438,LLY-507
81439,EPZ004777
81442,SGC707
81443,EPZ015666
81444,EPZ015866
81445,1616392-22-3
81446,EPZ020411
81451,PFI-4
81452,901245-65-6
81453,GSK6853
81454,GSK9311
81455,GSK2801
81456,PFI-2
81457,MI-538
81458,A-196
81459,birabresib
81464,Mivebresib
81465,BMS-986158
81466,Apabetalone
81467,BET-BAY 002
81468,Cpi-0610
81469,1869912-40-2
81470,GSK1324726A
81471,BI-7273
81472,BI-9564
81473,ARV-771
81474,ARV-825
81480,E7449
81482,AZ9482
81484,NMS-P118
81488,OICR-9429
81489,CHEMBL2337032
81490,YU238259
81491,G007-LK
81493,Rolapitant
81496,WIKI4
81497,NVP-TNKS656
81509,MT-DADMe-ImmA
81513,Triapine
81517,LY2334737
81518,Cordycepin
81525,2-Fluoroadenosine
81536,MLS002702854
81540,Valganciclovir
81541,Brincidofovir
81549,Entecavir
81554,Tipiracil
81556,aminopterin
81560,Arfolitixorin
81571,ACT 078
81572,Ifosfamide-d4
81574,estramustine
81581,Tinostamustine
81582,Apaziquone
81583,evofosfamide
81584,Trabectedin
81585,Porfiromycin
81586,TIRAPAZAMINE
81588,UNII-S098K6HGD9
81589,SJG-136
81595,Exatecan
81596,rebeccamycin
81597,GENZ-644282
81598,Amrubicin
81599,Belotecan
81600,amsacrine
81601,LMP744
81602,Indimitecan hydrochloride
81603,Indotecan hydrochloride
81606,Voreloxin
81608,DSSTox_CID_31408
81609,doxorubicin
81610,Valrubicin
81611,daunorubicin
81612,idarubicin hydrochloride
81617,Dexrazoxane hydrochloride
81618,LUCANTHONE
81636,Epothilone D
81642,Ansamitocin P-3
81644,MPT0B098
81645,Dolastatin 10
81646,Verubulin
81649,1233948-35-0
81650,vinorelbine
81652,Combretastatin A4
81653,Plinabulin
81655,Vinflunine
81660,noscapine
81661,Eribulin mesylate
81663,Cevipabulin
81666,AZ82
81667,ARQ 621
81669,Filanesib
81670,EMD-534085
81671,Litronesib
81673,S-Trityl-L-cysteine
81679,Debio 0932
81680,TAS-116
81681,PU-WS13
81682,Alvespimycin hydrochloride
81685,1149705-71-4
81689,SCHEMBL1351190
81694,retaspimycin hydrochloride
81696,CCT251236
81697,calpeptin
81701,Ixazomib citrate
81703,MARIZOMIB
81707,Pevonedistat
81708,ML323
81709,ML364
81710,VLX1570
81712,TAK-243
81718,ML226
81723,LACTOBIONIC ACID
81724,MMP INHIBITOR V
81726,Marimastat
81727,Aderbasib
81728,UNII-70N8WTD318
81731,CTS-1027
81737,"5,5'-Dimethyl-2,2'-bipyridine"
81738,LTX-315
81739,Tasquinimod
81742,NITROXOLINE
81747,Cinchonine dihydrochloride
81748,Valspodar
81749,849675-66-7
81751,NSC23925
81755,Vancomycin HCL
81757,Teichomycin
81760,BIS(2-METHOXYETHYL) PHTHALATE
81763,Levomycin
81766,Verdinexor
81767,Eltanexor
81770,YM 511
81772,FADROZOLE
81778,217645-70-0
81779,MK-0812
81780,PF-4136309
81781,Vicriviroc
81783,AZD8797
81784,reparixin
81785,Danirixin
81786,NBI-74330
81787,AMD 3465
81788,155148-31-5
81789,Celsentri (Maraviroc)
81790,UNBS-5162
81797,Seviteronel
81798,Morin hydrate
81806,Taselisib
81807,bepridil
81811,Parecoxib sodium
81813,Liarozole
81815,Talarozole
81816,600734-06-3
81817,664969-54-4
81822,WAY-262611
81823,GNF-6231
81829,MK-4101
81839,Glasdegib
81840,SARIDEGIB
81841,TAK-441
81842,Robotnikinin
81843,MRT-83
81848,Atractylenolide I
81852,Avadomide
81853,Apratastat
81854,ROQUINIMEX
81855,Pipequaline
81856,MCC950
81857,CC-885
81859,Bioymifi
81876,Lanabecestat
81877,Verubecestat
81878,Crenigacestat
81879,BMS-906024
81880,BMS-983970
81882,PF-05175157
81883,TOLRESTAT
81889,PF-04457845
81890,JNJ-42165279
81891,GSK2194069
81900,Riociguat
81903,PF-04937319
81904,CHEMBL359618
81909,pentostatin
81911,CB-839
81912,BPTES
81915,Mitapivat
81916,AZD3965
81918,JPH203
81924,SSR 504734
81927,Maslinic acid
81929,Ataciguat
81939,CHEMBL3103000
81940,CHEMBL3103040
81943,Ivosidenib
81944,Enasidenib
81945,BAY-1436032
81948,GSK864
81949,Vorasidenib
81954,Epacadostat
81955,PF-06840003
81956,Navoximod
81957,Tenatoprazole
81958,Linrodostat
81961,PD1-PDL1 inhibitor 1
81962,1675203-84-5
81964,Aminoguanidine hemisulfate
81966,Tussilagone
81967,Ibiglustat
81970,MIR96-IN-1
81981,GSK2837808A
81986,Pranlukast hemihydrate
81987,QUIFLAPON SODIUM
81994,Nampt-IN-1
81995,GSK2795039
81997,1218942-37-0
81998,CXC-195
82000,KI696
82004,Oltipraz
82005,Omaveloxolone
82009,Lemborexant
82010,mk-1064
82011,MCOPPB 3HCl
82013,CompB
82014,EFLORNITHINE HYDROCHLORIDE
82015,GSK484
82016,KPT-9274
82017,Inolitazone
82018,GW1929
82024,Elafibranor
82025,BMS-687453
82026,Pemafibrate
82027,GW 6471
82030,79558-09-1
82035,CHEMBL3695811
82038,1252806-86-2
82039,PF-04620110
82040,Pradigastat
82042,85375-15-1
82043,Tiagabine hydrochloride
82044,CI-966
82046,BRUCEANTIN
82048,894787-30-5
82050,Ouabain octahydrate
82056,GSK2256294A
82057,BAY 41-2272
82058,Cinaciguat
82060,BAY-876
82062,PFK-158
82066,lactulose
82070,RSL3
82077,PF-06282999
82085,1357171-62-0
82086,PX-478
82088,Manassantin A
82089,EL-102
82091,PT-2385
82092,Molidustat
82095,Daprodustat
82096,Vadadustat
82097,JNJ-42041935
82099,BMS-587101
82100,rottlerin
82104,CB-5083
82105,vesnarinone
82107,NMS-859
82108,VLX600
82109,3BDO
82114,OTX-008
82115,FG-2216
82119,RUSKI-201 dihydrochloride
82120,Deferoxamine mesylate
82122,ML390
82125,Brequinar
82128,ASP-9521
82129,945976-43-2
82136,Chelerythrine chloride
82137,BQU57
82140,ML327
82141,Exherin
82143,Sufugolix
82144,Elagolix
82145,Relugolix
82148,108341-18-0
82155,Yohimbine
82160,Avacopan
82161,Talampanel
82165,Ozanimod
82166,Etrasimod
82167,MK-0557
82168,NVS-CECR2-1
82171,Oleanolic Acid (Caryophyllin)
82172,Quinacrine dihydrochloride dihydrate
82173,Ralaniten acetate
82174,Darolutamide
82177,tibolone
82186,Clascoterone
82191,Prinaberel
82195,AZD9496 maleate
82196,Brilanestrant
82198,Bazedoxifene
82199,Elacestrant
82200,Acolbifene
82201,Ospemifene
82204,Zuclomiphene
82206,dienestrol
82216,Tesmilifene hydrochloride
82218,XCT790
82222,Zoledronic acid hydrate
82224,BMS-214662
82227,Arglabin
82228,L-778123 free base
82231,Alvimopan
82232,Phortress (free base)
82251,Clopidogrel bisulfate
82256,ER819762
82261,Resiquimod
82262,GS-9620
82263,Gardiquimod
82264,Motolimod
82265,Resatorvid
82266,AX-024
82272,913064-47-8
82273,Rolofylline
82275,Cgs 21680
82278,Preladenant
82279,CPI-444
82281,2-Cl-IB-Meca
82289,Fluticasone furoate
82290,Ciclesonide
82293,prednisolone acetate
82306,flunisolide
82316,ethisterone
82322,digoxin
82334,NCGC00163547-01
82339,OXANDROLONE
82340,stanozolol
82341,Etoricoxib
82345,IBUPROFEN LYSINE
82346,naproxen sodium
82356,155206-00-1
82358,Laropiprant
82359,PF-04418948
82364,bvt-3498
82365,BVT-14225
82366,GSK682753A
82369,tobramycin
82370,Isepamicin
82378,MK-886
82382,FENRETINIDE
82386,1359164-11-6
82387,GSK2981278
82393,IRX4204
82396,riboflavin
82403,Seocalcitol
82404,Paricalcitol-D6
82406,Warfarin sodium
82408,HA130
82412,olprinone hydrochloride
82433,PAPAVERINE HYDROCHLORIDE
82439,Ezutromid
82440,ML264
82441,APTO-253
82443,BETA-SITOSTEROL
82445,DACTINOMYCIN
82448,Supinoxin
82450,Mavacamten
82453,caffeine
82458,CEFOPERAZONE SODIUM
82461,proglumide
82462,Nastorazepide
82470,Ginsenoside rb1
82479,Zaldaride maleate
82480,Aloxistatin
82481,pd 150606
82483,otenabant
82486,cannabidiol
82491,DORZOLAMIDE HYDROCHLORIDE
82493,Irosustat
82505,Cyclobenzaprine hydrochloride
82509,azasetron hydrochloride
82510,granisetron
82513,Tegaserod
82514,Balsalazide Disodium
82557,Lumefantrine
82558,methylene blue
82559,HALOFANTRINE HYDROCHLORIDE
82560,Pyronaridine Tetraphosphate
82575,crotamiton
82581,170151-24-3
82583,Asenapine maleate
82584,Sumanirole maleate
82586,PD 128907
82588,Pramipexole dihydrochloride
82597,ALBUTEROL SULFATE
82598,procaterol hydrochloride
82603,SGC2085
82606,PCI-27483
82609,CITCO
82610,Balicatib
82614,BQ-123
82616,Atrasentan
82617,Sitaxsentan
82624,865231-46-5
82626,GLPG0974
82633,Basmisanil
82635,TD139
82637,GGTI-2418
82638,Adomeglivant
82642,10-Deacetylbaccatin III
82643,LY2365109 hydrochloride
82645,NIBR189
82646,Pyridostatin
82648,Anamorelin
82649,Ibutamoren mesylate
82653,Esomeprazole Sodium
82655,A 419259
82657,"ZD7288 hydrate, >=98% (HPLC)"
82659,Daclatasvir dihydrochloride
82667,Clemizole hydrochloride
82671,nelfinavir
82673,CPI-203
82674,Atiprimod
82680,Triptonide
82684,Mitiglinide calcium
82685,BGP-15
82686,CHEMBL3114578
82688,ATN-161
82689,289483-69-8
82690,GLPG0187
82693,Cridanimod
82694,PF-06650833
82708,Telithromycin
82712,SR9243
82718,BMS-986020
82719,Amiselimod hydrochloride
82721,Siponimod
82727,Phenelzine sulfate
82730,Selegiline hydrochloride
82732,CROMOLYN SODIUM
82740,Pomaglumetad methionil
82744,201943-63-7
82746,PF-4693627
82747,Eplerenone
82748,Dofequidar
82749,171927-40-5
82750,chlorhexidine
82757,GW-4869
82758,848141-11-7
82763,PNU-282987
82765,Fluphenazine dihydrochloride
82766,Levamisole hydrochloride
82767,betaine
82776,Acamprosate calcium
82777,Dexanabinol
82780,Cebranopadol
82792,Bacitracin (Zinc)
82797,112648-68-7
82804,Daidzin
82813,TM-5275
82815,cantharidin
82817,PENTAMIDINE ISETHIONATE
82819,121268-17-5
82820,SCHEMBL13739290
82821,LB-100
82823,SHP099
82824,MLS-0090801.0001
82829,RRX-001
82830,Nimorazole
82831,Efaproxiral
82838,efavirenz
82843,Lurbinectedin
82844,Favipiravir
82845,SOFOSBUVIR
82854,Flecainide acetate
82863,Eltrombopag olamine
82870,Ibandronate sodium monohydrate
82871,ITX3
85319,FCCP
85333,Irinotecan hydrochloride
85336,A-485
85350,41276-02-2
86371,CHEMBL574181
86381,Alitretinoin
87444,Artenimol
120274,AZD5582
120303,Rimcazole
120313,Pterostilbene
125817,"Trichostatin A, Streptomyces sp."
125839,IKK.16
125850,TCS PIM-1 1
125852,IBANDRONATE SODIUM
125853,VALPROIC ACID
125855,500735-47-7
125859,TCS2312 dihydrochloride
125862,Sigma AKT1-2 inhibitor
125865,ERKi II (FR180304)
125869,Glycyl H1152
125886,149759-96-6
125888,Lestaurtinib(CEP-701)
125897,CGC-11047 free base
125907,GSK1059868
125908,GSK2119563
125912,CHEMBL226102
125916,Tykerb:IGF1R (1:1)
126440,MEDI3622
126454,"AZ13409007, AKTaz"
126481,AZD4320
126507,AZ13620596
126555,AstraZeneca PIP5K1 inhibitor
126562,AstraZeneca SLC16A4 inhibitor
126570,TRAIL
126572,AZ13590108
127888,MK-4541
128192,MRK003
128336,Eloxatin (TN)
138143,AZ13453720
138147,AZ13453202
138151,AZ12419304
138153,41575-94-4
138154,Carboplatin Paclitaxel
138197,CHEMBL3103192
138326,3'-Epi Gemcitabine (Gemcitabine Impurity)
138488,MED-575
221761,CB 300919
221762,JNK-IN-7
221763,RA-XII
221765,LSM-4270
221766,CHEMBL1981047
271451,3-Amino-2-oxazolidinone
271455,Tizoxanide
271456,Acamprosate
271465,Cycloguanil
271468,PENTOLINIUM TARTRATE
271471,chlorphenesin
271472,Pyrazine-2-carboxylic acid
271473,DIPHENIDOL
271475,Ezetimibe glucuronide
271479,dextromethorphan
271484,S-nitrosoglutathione
271486,cefmenoxime
271492,Cevimeline
271494,pinacidil
271495,GUANFACINE
271499,zaleplon
271500,Norcisapride
271501,AZATADINE
271502,trihexyphenidyl
271505,dihydroergotamine
271506,testolactone
271507,doxapram
271508,acetohexamide
271509,foscarnet
271512,Cilastatin
271513,OXYPHENONIUM BROMIDE
271517,proguanil
271518,METYROSINE
271531,abacavir
271534,ILOPROST
271536,amodiaquine
271537,novobiocin
271541,6-Hydroxy Buspirone
271545,triflupromazine
271548,atenolol
271549,FOSFOMYCIN
271553,mecamylamine
271554,cisapride
271555,Armodafinil
271557,DEXCHLORPHENIRAMINE
271569,4-Aminosalicylic acid
271598,tolazoline
271605,pargyline
271606,acetazolamide
271614,DESOXYCORTICOSTERONE PIVALATE
271634,Carglumic acid
271658,Ribavirin 5'-triphosphate
271663,Minoxidil sulphate
271667,fenoprofen
271671,imipramine
271676,Phensuximide
271684,galanthamine
271690,Bosentan
271698,4812-40-2
271704,Ibutilide
271730,Quinine
271737,Eptifibatide
271749,ISOSORBIDE DINITRATE
271770,Enalaprilat
271786,paromomycin
271836,Palonosetron
271840,Succinylcholine chloride
271844,METAXALONE
271845,carbachol
271853,"2',3'-Dideoxycytidine 5'-triphosphate"
271904,Nabilone
271910,Oseltamivir acid
271943,PAMIDRONIC ACID
271969,ethambutol
271976,methylergonovine
271987,MEPHENYTOIN
272099,liothyronine
272102,furazolidone
272103,testosterone
272109,Miglustat
272117,tiagabine
272132,PHENPROCOUMON
272161,sertraline
272164,baclofen
272212,Bretylium tosylate
272327,sulfinpyrazone
272328,CANRENONE
272331,GUANADREL
272360,diethylcarbamazine
272400,meclofenamic acid
272480,buspirone
272560,Piperazine hexahydrate
272648,Mebutamate
272855,Ulipristal acetate
272891,Sodium diethyldithiocarbamate trihydrate
272896,trimethobenzamide
273582,acetohydroxamic acid
273792,dantrolene
275672,diazoxide
281484,oxyphenbutazone
284580,PYRVINIUM CHLORIDE DIHYDRATE
296711,AURANOFIN
299513,cerivastatin
299534,digitoxin
311676,57819-79-1
311687,CHEMBL2137189
311693,CHEMBL2134016
311697,(+)-Blebbistatin
311703,NCGC00161622-03
311706,HYDROXYCHLOROQUINE SULFATE
311756,CHEMBL3392636
311819,NCGC00253463-01
311829,Isocycloheximide
311838,CHEMBL2138352
311869,SCHEMBL3489513
311889,ITK ANTAGONIST
311901,KN-62
311904,CHEMBL2134640
311924,CHEMBL2132584
311929,CHEMBL1444076
312001,NCGC00242502-01
312081,cc-57
312083,arachidonylcyclopropylamide
312088,CHEMBL2142770
312096,CHEMBL2132150
312103,Tocris-1958
312135,53003-10-4
312212,Tocris-1097
314098,CBiol_002052
314103,Cobimetinib (R-enantiomer)
314111,CHEMBL3188661
314117,CHEMBL494027
314118,NCGC00344999-01
427535,Ruboxistaurin
427555,STO-609
446916,bay 11-7085
546045,Bunamidine hydrochloride
546047,Triflupromazine hydrochloride
546055,Rupintrivir
546065,1809249-37-3
546097,Nelfinavir mesylate
546105,2-Cyanopyrimidine
546121,ACIFLUORFEN-SODIUM
546287,"(2S)-N-[(2S,3R)-4-[(3S,4aS,8aR)-3-[(tert-butylamino)-oxomethyl]-3,4,4a,5,6,7,8,8a-octahydro-1H-isoquinolin-2-yl]-3-hydroxy-1-phenylbutan-2-yl]-2-[[oxo(2-quinolinyl)methyl]amino]butanediamide"
546293,Compound 120
546299,SIMEPREVIR
546301,Boceprevir
546313,Tipranavir
546329,hexetidine
546333,Homochlorcyclizine
546337,fluoxetine
546349,RGB-286638 free base
546357,Anidulafungin
546367,PROGLUMETACIN
546374,PROMETHAZINE HYDROCHLORIDE
553919,CHEMBL3103191
553942,FOLFIRI regimen
553946,Folfox protocol
553993,20439-47-8
553996,SCHEMBL1559365
554009,AZ13401366
643729,PIPERACETAZINE
643789,Idrocilamide
663961,HG-14-10-04
663966,AZ12799043
664016,SCHEMBL3315478
664031,AZ13406193
664032,AZ12772848
664041,33419-42-0
832298,NCGC00263266-01
832301,CHEMBL3348966
832304,Gramicidin S
832305,DECOQUINATE
832309,Cipargamin
832310,Febrifugine
832311,"1-[(3S,9R,10R)-12-[(2S)-1-(dimethylamino)propan-2-yl]-9-[[(4-fluorophenyl)sulfonyl-methylamino]methyl]-3,10-dimethyl-13-oxo-2,8-dioxa-12-azabicyclo[12.4.0]octadeca-1(14),15,17-trien-16-yl]-3-phenylurea"
832313,CHEMBL3348986
832316,Amodiaquin dihydrochloride dihydrate
832317,(-)-Threo-Mefloquine
832320,CHEMBL3348850
832321,500-92-5
832322,genz-669178
832323,CHEMBL3348825
832324,Docetaxolum
832325,2-amino-5-chloro-3-(2-ethoxy-5-fluorophenyl)-3H-indol-3-ol
832328,"2-(aminomethyl)-3,5-ditert-butylphenol"
832329,SCHEMBL3612563
832330,fosmidomycin
832331,FR-900098
832335,CHEMBL3349014
832336,Thioproperazine dimesylate
832338,ETONOGESTREL
832341,Visudyne (TN)
832352,Tavaborole
832355,NCGC00263837-01
832356,triclosan
832357,NITD-609 Enantiomer
832358,Mibefradil
832359,Hexylcaine hydrochloride
832360,Esreboxetine
832362,Sarpogrelate
832363,VER-3323
832364,Nisoxetine
832365,NSC-169091
832366,Bifemelane
832367,chlorpheniramine
832368,doxepin
832369,desipramine
832371,Me-5
832372,SB 228357
832373,Diphemanil
832375,clobetasone butyrate
832376,tocainide
832379,Triclocarban
833591,Fluspirilene
833594,lomerizine
833596,nicardipine
833600,LIDOFLAZINE
833604,l-Sotalol
833607,"2,6-dimethyl-4-[2-[3-[(2-methylpropan-2-yl)oxy]-3-oxoprop-1-enyl]phenyl]-1,4-dihydropyridine-3,5-dicarboxylic acid diethyl ester"
833611,fendiline
833619,MORICIZINE
833621,CHEMBL3856066
834105,disopyramide
834175,"N-[2,6-Dimethoxy-4-methyl-5-[3-(trifluoromethyl)phenoxy]quinolin-8-yl]pentane-1,4-diamine"
846796,PRIMAQUINE
1016247,14913-33-8
1016325,racemic-Tasocitinib
1017574,GSK0660
1017713,934593-90-5
1018173,LSN415169
1019303,Y-39983 dihydrochloride 2/3 H2O
1019746,SrcI1
1019797,Stibogluconate
1019872,su6656
1020129,TCS 401
1020290,CHEMBL1254007
1020465,vasastrol
1029285,Cardamonin
1357326,PI 3-Kalpha Inhibitor IV
1357328,HNHA
1357332,Tyrphostin AG 538
1357337,Ryuvidine
1357347,PDGF Receptor Tyrosine Kinase Inhibitor III
1357358,Src Kinase Inhibitor I
1416428,AZD-4877
